customerId,firstName,lastName,company,address,contact,email,supportRepId,supportRepLastName,invoiceId
1,Luís,Gonçalves,Embraer - Empresa Brasileira de Aeronáutica S.A.,"{state: 'SP',postalCode: '12227-000',street: 'Av. Brigadeiro Faria Lima, 2170',city: 'São José dos Campos',country: 'Brazil'}","{'phone': '+55 (12) 3923-5555','fax' : '+55 (12) 3923-5566'}",luisg@embraer.com.br,3,Peacock,98
1,Luís,Gonçalves,Embraer - Empresa Brasileira de Aeronáutica S.A.,"{state: 'SP',postalCode: '12227-000',street: 'Av. Brigadeiro Faria Lima, 2170',city: 'São José dos Campos',country: 'Brazil'}","{'phone': '+55 (12) 3923-5555','fax' : '+55 (12) 3923-5566'}",luisg@embraer.com.br,3,Peacock,121
1,Luís,Gonçalves,Embraer - Empresa Brasileira de Aeronáutica S.A.,"{state: 'SP',postalCode: '12227-000',street: 'Av. Brigadeiro Faria Lima, 2170',city: 'São José dos Campos',country: 'Brazil'}","{'phone': '+55 (12) 3923-5555','fax' : '+55 (12) 3923-5566'}",luisg@embraer.com.br,3,Peacock,143
1,Luís,Gonçalves,Embraer - Empresa Brasileira de Aeronáutica S.A.,"{state: 'SP',postalCode: '12227-000',street: 'Av. Brigadeiro Faria Lima, 2170',city: 'São José dos Campos',country: 'Brazil'}","{'phone': '+55 (12) 3923-5555','fax' : '+55 (12) 3923-5566'}",luisg@embraer.com.br,3,Peacock,195
1,Luís,Gonçalves,Embraer - Empresa Brasileira de Aeronáutica S.A.,"{state: 'SP',postalCode: '12227-000',street: 'Av. Brigadeiro Faria Lima, 2170',city: 'São José dos Campos',country: 'Brazil'}","{'phone': '+55 (12) 3923-5555','fax' : '+55 (12) 3923-5566'}",luisg@embraer.com.br,3,Peacock,316
1,Luís,Gonçalves,Embraer - Empresa Brasileira de Aeronáutica S.A.,"{state: 'SP',postalCode: '12227-000',street: 'Av. Brigadeiro Faria Lima, 2170',city: 'São José dos Campos',country: 'Brazil'}","{'phone': '+55 (12) 3923-5555','fax' : '+55 (12) 3923-5566'}",luisg@embraer.com.br,3,Peacock,327
1,Luís,Gonçalves,Embraer - Empresa Brasileira de Aeronáutica S.A.,"{state: 'SP',postalCode: '12227-000',street: 'Av. Brigadeiro Faria Lima, 2170',city: 'São José dos Campos',country: 'Brazil'}","{'phone': '+55 (12) 3923-5555','fax' : '+55 (12) 3923-5566'}",luisg@embraer.com.br,3,Peacock,382
2,Leonie,Köhler,,"{postalCode: '70174',street: 'Theodor-Heuss-Straße 34',city: 'Stuttgart',country: 'Germany'}",{'phone': '+49 0711 2842222'},leonekohler@surfeu.de,5,Johnson,1
2,Leonie,Köhler,,"{postalCode: '70174',street: 'Theodor-Heuss-Straße 34',city: 'Stuttgart',country: 'Germany'}",{'phone': '+49 0711 2842222'},leonekohler@surfeu.de,5,Johnson,12
2,Leonie,Köhler,,"{postalCode: '70174',street: 'Theodor-Heuss-Straße 34',city: 'Stuttgart',country: 'Germany'}",{'phone': '+49 0711 2842222'},leonekohler@surfeu.de,5,Johnson,67
2,Leonie,Köhler,,"{postalCode: '70174',street: 'Theodor-Heuss-Straße 34',city: 'Stuttgart',country: 'Germany'}",{'phone': '+49 0711 2842222'},leonekohler@surfeu.de,5,Johnson,196
2,Leonie,Köhler,,"{postalCode: '70174',street: 'Theodor-Heuss-Straße 34',city: 'Stuttgart',country: 'Germany'}",{'phone': '+49 0711 2842222'},leonekohler@surfeu.de,5,Johnson,219
2,Leonie,Köhler,,"{postalCode: '70174',street: 'Theodor-Heuss-Straße 34',city: 'Stuttgart',country: 'Germany'}",{'phone': '+49 0711 2842222'},leonekohler@surfeu.de,5,Johnson,241
2,Leonie,Köhler,,"{postalCode: '70174',street: 'Theodor-Heuss-Straße 34',city: 'Stuttgart',country: 'Germany'}",{'phone': '+49 0711 2842222'},leonekohler@surfeu.de,5,Johnson,293
3,François,Tremblay,,"{state: 'QC',postalCode: 'H2G 1A7',street: '1498 rue Bélanger',city: 'Montréal',country: 'Canada'}",{'phone': '+1 (514) 721-4711'},ftremblay@gmail.com,3,Peacock,99
3,François,Tremblay,,"{state: 'QC',postalCode: 'H2G 1A7',street: '1498 rue Bélanger',city: 'Montréal',country: 'Canada'}",{'phone': '+1 (514) 721-4711'},ftremblay@gmail.com,3,Peacock,110
3,François,Tremblay,,"{state: 'QC',postalCode: 'H2G 1A7',street: '1498 rue Bélanger',city: 'Montréal',country: 'Canada'}",{'phone': '+1 (514) 721-4711'},ftremblay@gmail.com,3,Peacock,165
3,François,Tremblay,,"{state: 'QC',postalCode: 'H2G 1A7',street: '1498 rue Bélanger',city: 'Montréal',country: 'Canada'}",{'phone': '+1 (514) 721-4711'},ftremblay@gmail.com,3,Peacock,294
3,François,Tremblay,,"{state: 'QC',postalCode: 'H2G 1A7',street: '1498 rue Bélanger',city: 'Montréal',country: 'Canada'}",{'phone': '+1 (514) 721-4711'},ftremblay@gmail.com,3,Peacock,317
3,François,Tremblay,,"{state: 'QC',postalCode: 'H2G 1A7',street: '1498 rue Bélanger',city: 'Montréal',country: 'Canada'}",{'phone': '+1 (514) 721-4711'},ftremblay@gmail.com,3,Peacock,339
3,François,Tremblay,,"{state: 'QC',postalCode: 'H2G 1A7',street: '1498 rue Bélanger',city: 'Montréal',country: 'Canada'}",{'phone': '+1 (514) 721-4711'},ftremblay@gmail.com,3,Peacock,391
4,Bjørn,Hansen,,"{postalCode: '0171',street: 'Ullevålsveien 14',city: 'Oslo',country: 'Norway'}",{'phone': '+47 22 44 22 22'},bjorn.hansen@yahoo.no,4,Park,2
4,Bjørn,Hansen,,"{postalCode: '0171',street: 'Ullevålsveien 14',city: 'Oslo',country: 'Norway'}",{'phone': '+47 22 44 22 22'},bjorn.hansen@yahoo.no,4,Park,24
4,Bjørn,Hansen,,"{postalCode: '0171',street: 'Ullevålsveien 14',city: 'Oslo',country: 'Norway'}",{'phone': '+47 22 44 22 22'},bjorn.hansen@yahoo.no,4,Park,76
4,Bjørn,Hansen,,"{postalCode: '0171',street: 'Ullevålsveien 14',city: 'Oslo',country: 'Norway'}",{'phone': '+47 22 44 22 22'},bjorn.hansen@yahoo.no,4,Park,197
4,Bjørn,Hansen,,"{postalCode: '0171',street: 'Ullevålsveien 14',city: 'Oslo',country: 'Norway'}",{'phone': '+47 22 44 22 22'},bjorn.hansen@yahoo.no,4,Park,208
4,Bjørn,Hansen,,"{postalCode: '0171',street: 'Ullevålsveien 14',city: 'Oslo',country: 'Norway'}",{'phone': '+47 22 44 22 22'},bjorn.hansen@yahoo.no,4,Park,263
4,Bjørn,Hansen,,"{postalCode: '0171',street: 'Ullevålsveien 14',city: 'Oslo',country: 'Norway'}",{'phone': '+47 22 44 22 22'},bjorn.hansen@yahoo.no,4,Park,392
5,František,Wichterlová,JetBrains s.r.o.,"{postalCode: '14700',street: 'Klanova 9/506',city: 'Prague',country: 'Czech Republic'}","{'phone': '+420 2 4172 5555','fax' : '+420 2 4172 5555'}",frantisekw@jetbrains.com,4,Park,77
5,František,Wichterlová,JetBrains s.r.o.,"{postalCode: '14700',street: 'Klanova 9/506',city: 'Prague',country: 'Czech Republic'}","{'phone': '+420 2 4172 5555','fax' : '+420 2 4172 5555'}",frantisekw@jetbrains.com,4,Park,100
5,František,Wichterlová,JetBrains s.r.o.,"{postalCode: '14700',street: 'Klanova 9/506',city: 'Prague',country: 'Czech Republic'}","{'phone': '+420 2 4172 5555','fax' : '+420 2 4172 5555'}",frantisekw@jetbrains.com,4,Park,122
5,František,Wichterlová,JetBrains s.r.o.,"{postalCode: '14700',street: 'Klanova 9/506',city: 'Prague',country: 'Czech Republic'}","{'phone': '+420 2 4172 5555','fax' : '+420 2 4172 5555'}",frantisekw@jetbrains.com,4,Park,174
5,František,Wichterlová,JetBrains s.r.o.,"{postalCode: '14700',street: 'Klanova 9/506',city: 'Prague',country: 'Czech Republic'}","{'phone': '+420 2 4172 5555','fax' : '+420 2 4172 5555'}",frantisekw@jetbrains.com,4,Park,295
5,František,Wichterlová,JetBrains s.r.o.,"{postalCode: '14700',street: 'Klanova 9/506',city: 'Prague',country: 'Czech Republic'}","{'phone': '+420 2 4172 5555','fax' : '+420 2 4172 5555'}",frantisekw@jetbrains.com,4,Park,306
5,František,Wichterlová,JetBrains s.r.o.,"{postalCode: '14700',street: 'Klanova 9/506',city: 'Prague',country: 'Czech Republic'}","{'phone': '+420 2 4172 5555','fax' : '+420 2 4172 5555'}",frantisekw@jetbrains.com,4,Park,361
6,Helena,Holý,,"{postalCode: '14300',street: 'Rilská 3174/6',city: 'Prague',country: 'Czech Republic'}",{'phone': '+420 2 4177 0449'},hholy@gmail.com,5,Johnson,46
6,Helena,Holý,,"{postalCode: '14300',street: 'Rilská 3174/6',city: 'Prague',country: 'Czech Republic'}",{'phone': '+420 2 4177 0449'},hholy@gmail.com,5,Johnson,175
6,Helena,Holý,,"{postalCode: '14300',street: 'Rilská 3174/6',city: 'Prague',country: 'Czech Republic'}",{'phone': '+420 2 4177 0449'},hholy@gmail.com,5,Johnson,198
6,Helena,Holý,,"{postalCode: '14300',street: 'Rilská 3174/6',city: 'Prague',country: 'Czech Republic'}",{'phone': '+420 2 4177 0449'},hholy@gmail.com,5,Johnson,220
6,Helena,Holý,,"{postalCode: '14300',street: 'Rilská 3174/6',city: 'Prague',country: 'Czech Republic'}",{'phone': '+420 2 4177 0449'},hholy@gmail.com,5,Johnson,272
6,Helena,Holý,,"{postalCode: '14300',street: 'Rilská 3174/6',city: 'Prague',country: 'Czech Republic'}",{'phone': '+420 2 4177 0449'},hholy@gmail.com,5,Johnson,393
6,Helena,Holý,,"{postalCode: '14300',street: 'Rilská 3174/6',city: 'Prague',country: 'Czech Republic'}",{'phone': '+420 2 4177 0449'},hholy@gmail.com,5,Johnson,404
7,Astrid,Gruber,,"{postalCode: '1010',street: 'Rotenturmstraße 4, 1010 Innere Stadt',city: 'Vienne',country: 'Austria'}",{'phone': '+43 01 5134505'},astrid.gruber@apple.at,5,Johnson,78
7,Astrid,Gruber,,"{postalCode: '1010',street: 'Rotenturmstraße 4, 1010 Innere Stadt',city: 'Vienne',country: 'Austria'}",{'phone': '+43 01 5134505'},astrid.gruber@apple.at,5,Johnson,89
7,Astrid,Gruber,,"{postalCode: '1010',street: 'Rotenturmstraße 4, 1010 Innere Stadt',city: 'Vienne',country: 'Austria'}",{'phone': '+43 01 5134505'},astrid.gruber@apple.at,5,Johnson,144
7,Astrid,Gruber,,"{postalCode: '1010',street: 'Rotenturmstraße 4, 1010 Innere Stadt',city: 'Vienne',country: 'Austria'}",{'phone': '+43 01 5134505'},astrid.gruber@apple.at,5,Johnson,273
7,Astrid,Gruber,,"{postalCode: '1010',street: 'Rotenturmstraße 4, 1010 Innere Stadt',city: 'Vienne',country: 'Austria'}",{'phone': '+43 01 5134505'},astrid.gruber@apple.at,5,Johnson,296
7,Astrid,Gruber,,"{postalCode: '1010',street: 'Rotenturmstraße 4, 1010 Innere Stadt',city: 'Vienne',country: 'Austria'}",{'phone': '+43 01 5134505'},astrid.gruber@apple.at,5,Johnson,318
7,Astrid,Gruber,,"{postalCode: '1010',street: 'Rotenturmstraße 4, 1010 Innere Stadt',city: 'Vienne',country: 'Austria'}",{'phone': '+43 01 5134505'},astrid.gruber@apple.at,5,Johnson,370
8,Daan,Peeters,,"{postalCode: '1000',street: 'Grétrystraat 63',city: 'Brussels',country: 'Belgium'}",{'phone': '+32 02 219 03 03'},daan_peeters@apple.be,4,Park,3
8,Daan,Peeters,,"{postalCode: '1000',street: 'Grétrystraat 63',city: 'Brussels',country: 'Belgium'}",{'phone': '+32 02 219 03 03'},daan_peeters@apple.be,4,Park,55
8,Daan,Peeters,,"{postalCode: '1000',street: 'Grétrystraat 63',city: 'Brussels',country: 'Belgium'}",{'phone': '+32 02 219 03 03'},daan_peeters@apple.be,4,Park,176
8,Daan,Peeters,,"{postalCode: '1000',street: 'Grétrystraat 63',city: 'Brussels',country: 'Belgium'}",{'phone': '+32 02 219 03 03'},daan_peeters@apple.be,4,Park,187
8,Daan,Peeters,,"{postalCode: '1000',street: 'Grétrystraat 63',city: 'Brussels',country: 'Belgium'}",{'phone': '+32 02 219 03 03'},daan_peeters@apple.be,4,Park,242
8,Daan,Peeters,,"{postalCode: '1000',street: 'Grétrystraat 63',city: 'Brussels',country: 'Belgium'}",{'phone': '+32 02 219 03 03'},daan_peeters@apple.be,4,Park,371
8,Daan,Peeters,,"{postalCode: '1000',street: 'Grétrystraat 63',city: 'Brussels',country: 'Belgium'}",{'phone': '+32 02 219 03 03'},daan_peeters@apple.be,4,Park,394
9,Kara,Nielsen,,"{postalCode: '1720',street: 'Sønder Boulevard 51',city: 'Copenhagen',country: 'Denmark'}",{'phone': '+453 3331 9991'},kara.nielsen@jubii.dk,4,Park,56
9,Kara,Nielsen,,"{postalCode: '1720',street: 'Sønder Boulevard 51',city: 'Copenhagen',country: 'Denmark'}",{'phone': '+453 3331 9991'},kara.nielsen@jubii.dk,4,Park,79
9,Kara,Nielsen,,"{postalCode: '1720',street: 'Sønder Boulevard 51',city: 'Copenhagen',country: 'Denmark'}",{'phone': '+453 3331 9991'},kara.nielsen@jubii.dk,4,Park,101
9,Kara,Nielsen,,"{postalCode: '1720',street: 'Sønder Boulevard 51',city: 'Copenhagen',country: 'Denmark'}",{'phone': '+453 3331 9991'},kara.nielsen@jubii.dk,4,Park,153
9,Kara,Nielsen,,"{postalCode: '1720',street: 'Sønder Boulevard 51',city: 'Copenhagen',country: 'Denmark'}",{'phone': '+453 3331 9991'},kara.nielsen@jubii.dk,4,Park,274
9,Kara,Nielsen,,"{postalCode: '1720',street: 'Sønder Boulevard 51',city: 'Copenhagen',country: 'Denmark'}",{'phone': '+453 3331 9991'},kara.nielsen@jubii.dk,4,Park,285
9,Kara,Nielsen,,"{postalCode: '1720',street: 'Sønder Boulevard 51',city: 'Copenhagen',country: 'Denmark'}",{'phone': '+453 3331 9991'},kara.nielsen@jubii.dk,4,Park,340
10,Eduardo,Martins,Woodstock Discos,"{state: 'SP',postalCode: '01007-010',street: 'Rua Dr. Falcão Filho, 155',city: 'São Paulo',country: 'Brazil'}","{'phone': '+55 (11) 3033-5446','fax' : '+55 (11) 3033-4564'}",eduardo@woodstock.com.br,4,Park,25
10,Eduardo,Martins,Woodstock Discos,"{state: 'SP',postalCode: '01007-010',street: 'Rua Dr. Falcão Filho, 155',city: 'São Paulo',country: 'Brazil'}","{'phone': '+55 (11) 3033-5446','fax' : '+55 (11) 3033-4564'}",eduardo@woodstock.com.br,4,Park,154
10,Eduardo,Martins,Woodstock Discos,"{state: 'SP',postalCode: '01007-010',street: 'Rua Dr. Falcão Filho, 155',city: 'São Paulo',country: 'Brazil'}","{'phone': '+55 (11) 3033-5446','fax' : '+55 (11) 3033-4564'}",eduardo@woodstock.com.br,4,Park,177
10,Eduardo,Martins,Woodstock Discos,"{state: 'SP',postalCode: '01007-010',street: 'Rua Dr. Falcão Filho, 155',city: 'São Paulo',country: 'Brazil'}","{'phone': '+55 (11) 3033-5446','fax' : '+55 (11) 3033-4564'}",eduardo@woodstock.com.br,4,Park,199
10,Eduardo,Martins,Woodstock Discos,"{state: 'SP',postalCode: '01007-010',street: 'Rua Dr. Falcão Filho, 155',city: 'São Paulo',country: 'Brazil'}","{'phone': '+55 (11) 3033-5446','fax' : '+55 (11) 3033-4564'}",eduardo@woodstock.com.br,4,Park,251
10,Eduardo,Martins,Woodstock Discos,"{state: 'SP',postalCode: '01007-010',street: 'Rua Dr. Falcão Filho, 155',city: 'São Paulo',country: 'Brazil'}","{'phone': '+55 (11) 3033-5446','fax' : '+55 (11) 3033-4564'}",eduardo@woodstock.com.br,4,Park,372
10,Eduardo,Martins,Woodstock Discos,"{state: 'SP',postalCode: '01007-010',street: 'Rua Dr. Falcão Filho, 155',city: 'São Paulo',country: 'Brazil'}","{'phone': '+55 (11) 3033-5446','fax' : '+55 (11) 3033-4564'}",eduardo@woodstock.com.br,4,Park,383
11,Alexandre,Rocha,Banco do Brasil S.A.,"{state: 'SP',postalCode: '01310-200',street: 'Av. Paulista, 2022',city: 'São Paulo',country: 'Brazil'}","{'phone': '+55 (11) 3055-3278','fax' : '+55 (11) 3055-8131'}",alero@uol.com.br,5,Johnson,57
11,Alexandre,Rocha,Banco do Brasil S.A.,"{state: 'SP',postalCode: '01310-200',street: 'Av. Paulista, 2022',city: 'São Paulo',country: 'Brazil'}","{'phone': '+55 (11) 3055-3278','fax' : '+55 (11) 3055-8131'}",alero@uol.com.br,5,Johnson,68
11,Alexandre,Rocha,Banco do Brasil S.A.,"{state: 'SP',postalCode: '01310-200',street: 'Av. Paulista, 2022',city: 'São Paulo',country: 'Brazil'}","{'phone': '+55 (11) 3055-3278','fax' : '+55 (11) 3055-8131'}",alero@uol.com.br,5,Johnson,123
11,Alexandre,Rocha,Banco do Brasil S.A.,"{state: 'SP',postalCode: '01310-200',street: 'Av. Paulista, 2022',city: 'São Paulo',country: 'Brazil'}","{'phone': '+55 (11) 3055-3278','fax' : '+55 (11) 3055-8131'}",alero@uol.com.br,5,Johnson,252
11,Alexandre,Rocha,Banco do Brasil S.A.,"{state: 'SP',postalCode: '01310-200',street: 'Av. Paulista, 2022',city: 'São Paulo',country: 'Brazil'}","{'phone': '+55 (11) 3055-3278','fax' : '+55 (11) 3055-8131'}",alero@uol.com.br,5,Johnson,275
11,Alexandre,Rocha,Banco do Brasil S.A.,"{state: 'SP',postalCode: '01310-200',street: 'Av. Paulista, 2022',city: 'São Paulo',country: 'Brazil'}","{'phone': '+55 (11) 3055-3278','fax' : '+55 (11) 3055-8131'}",alero@uol.com.br,5,Johnson,297
11,Alexandre,Rocha,Banco do Brasil S.A.,"{state: 'SP',postalCode: '01310-200',street: 'Av. Paulista, 2022',city: 'São Paulo',country: 'Brazil'}","{'phone': '+55 (11) 3055-3278','fax' : '+55 (11) 3055-8131'}",alero@uol.com.br,5,Johnson,349
12,Roberto,Almeida,Riotur,"{state: 'RJ',postalCode: '20040-020',street: 'Praça Pio X, 119',city: 'Rio de Janeiro',country: 'Brazil'}","{'phone': '+55 (21) 2271-7000','fax' : '+55 (21) 2271-7070'}",roberto.almeida@riotur.gov.br,3,Peacock,34
12,Roberto,Almeida,Riotur,"{state: 'RJ',postalCode: '20040-020',street: 'Praça Pio X, 119',city: 'Rio de Janeiro',country: 'Brazil'}","{'phone': '+55 (21) 2271-7000','fax' : '+55 (21) 2271-7070'}",roberto.almeida@riotur.gov.br,3,Peacock,155
12,Roberto,Almeida,Riotur,"{state: 'RJ',postalCode: '20040-020',street: 'Praça Pio X, 119',city: 'Rio de Janeiro',country: 'Brazil'}","{'phone': '+55 (21) 2271-7000','fax' : '+55 (21) 2271-7070'}",roberto.almeida@riotur.gov.br,3,Peacock,166
12,Roberto,Almeida,Riotur,"{state: 'RJ',postalCode: '20040-020',street: 'Praça Pio X, 119',city: 'Rio de Janeiro',country: 'Brazil'}","{'phone': '+55 (21) 2271-7000','fax' : '+55 (21) 2271-7070'}",roberto.almeida@riotur.gov.br,3,Peacock,221
12,Roberto,Almeida,Riotur,"{state: 'RJ',postalCode: '20040-020',street: 'Praça Pio X, 119',city: 'Rio de Janeiro',country: 'Brazil'}","{'phone': '+55 (21) 2271-7000','fax' : '+55 (21) 2271-7070'}",roberto.almeida@riotur.gov.br,3,Peacock,350
12,Roberto,Almeida,Riotur,"{state: 'RJ',postalCode: '20040-020',street: 'Praça Pio X, 119',city: 'Rio de Janeiro',country: 'Brazil'}","{'phone': '+55 (21) 2271-7000','fax' : '+55 (21) 2271-7070'}",roberto.almeida@riotur.gov.br,3,Peacock,373
12,Roberto,Almeida,Riotur,"{state: 'RJ',postalCode: '20040-020',street: 'Praça Pio X, 119',city: 'Rio de Janeiro',country: 'Brazil'}","{'phone': '+55 (21) 2271-7000','fax' : '+55 (21) 2271-7070'}",roberto.almeida@riotur.gov.br,3,Peacock,395
13,Fernanda,Ramos,,"{state: 'DF',postalCode: '71020-677',street: 'Qe 7 Bloco G',city: 'Brasília',country: 'Brazil'}","{'phone': '+55 (61) 3363-5547','fax' : '+55 (61) 3363-7855'}",fernadaramos4@uol.com.br,4,Park,35
13,Fernanda,Ramos,,"{state: 'DF',postalCode: '71020-677',street: 'Qe 7 Bloco G',city: 'Brasília',country: 'Brazil'}","{'phone': '+55 (61) 3363-5547','fax' : '+55 (61) 3363-7855'}",fernadaramos4@uol.com.br,4,Park,58
13,Fernanda,Ramos,,"{state: 'DF',postalCode: '71020-677',street: 'Qe 7 Bloco G',city: 'Brasília',country: 'Brazil'}","{'phone': '+55 (61) 3363-5547','fax' : '+55 (61) 3363-7855'}",fernadaramos4@uol.com.br,4,Park,80
13,Fernanda,Ramos,,"{state: 'DF',postalCode: '71020-677',street: 'Qe 7 Bloco G',city: 'Brasília',country: 'Brazil'}","{'phone': '+55 (61) 3363-5547','fax' : '+55 (61) 3363-7855'}",fernadaramos4@uol.com.br,4,Park,132
13,Fernanda,Ramos,,"{state: 'DF',postalCode: '71020-677',street: 'Qe 7 Bloco G',city: 'Brasília',country: 'Brazil'}","{'phone': '+55 (61) 3363-5547','fax' : '+55 (61) 3363-7855'}",fernadaramos4@uol.com.br,4,Park,253
13,Fernanda,Ramos,,"{state: 'DF',postalCode: '71020-677',street: 'Qe 7 Bloco G',city: 'Brasília',country: 'Brazil'}","{'phone': '+55 (61) 3363-5547','fax' : '+55 (61) 3363-7855'}",fernadaramos4@uol.com.br,4,Park,264
13,Fernanda,Ramos,,"{state: 'DF',postalCode: '71020-677',street: 'Qe 7 Bloco G',city: 'Brasília',country: 'Brazil'}","{'phone': '+55 (61) 3363-5547','fax' : '+55 (61) 3363-7855'}",fernadaramos4@uol.com.br,4,Park,319
14,Mark,Philips,Telus,"{state: 'AB',postalCode: 'T6G 2C7',street: '8210 111 ST NW',city: 'Edmonton',country: 'Canada'}","{'phone': '+1 (780) 434-4554','fax' : '+1 (780) 434-5565'}",mphilips12@shaw.ca,5,Johnson,4
14,Mark,Philips,Telus,"{state: 'AB',postalCode: 'T6G 2C7',street: '8210 111 ST NW',city: 'Edmonton',country: 'Canada'}","{'phone': '+1 (780) 434-4554','fax' : '+1 (780) 434-5565'}",mphilips12@shaw.ca,5,Johnson,133
14,Mark,Philips,Telus,"{state: 'AB',postalCode: 'T6G 2C7',street: '8210 111 ST NW',city: 'Edmonton',country: 'Canada'}","{'phone': '+1 (780) 434-4554','fax' : '+1 (780) 434-5565'}",mphilips12@shaw.ca,5,Johnson,156
14,Mark,Philips,Telus,"{state: 'AB',postalCode: 'T6G 2C7',street: '8210 111 ST NW',city: 'Edmonton',country: 'Canada'}","{'phone': '+1 (780) 434-4554','fax' : '+1 (780) 434-5565'}",mphilips12@shaw.ca,5,Johnson,178
14,Mark,Philips,Telus,"{state: 'AB',postalCode: 'T6G 2C7',street: '8210 111 ST NW',city: 'Edmonton',country: 'Canada'}","{'phone': '+1 (780) 434-4554','fax' : '+1 (780) 434-5565'}",mphilips12@shaw.ca,5,Johnson,230
14,Mark,Philips,Telus,"{state: 'AB',postalCode: 'T6G 2C7',street: '8210 111 ST NW',city: 'Edmonton',country: 'Canada'}","{'phone': '+1 (780) 434-4554','fax' : '+1 (780) 434-5565'}",mphilips12@shaw.ca,5,Johnson,351
14,Mark,Philips,Telus,"{state: 'AB',postalCode: 'T6G 2C7',street: '8210 111 ST NW',city: 'Edmonton',country: 'Canada'}","{'phone': '+1 (780) 434-4554','fax' : '+1 (780) 434-5565'}",mphilips12@shaw.ca,5,Johnson,362
15,Jennifer,Peterson,Rogers Canada,"{state: 'BC',postalCode: 'V6C 1G8',street: '700 W Pender Street',city: 'Vancouver',country: 'Canada'}","{'phone': '+1 (604) 688-2255','fax' : '+1 (604) 688-8756'}",jenniferp@rogers.ca,3,Peacock,36
15,Jennifer,Peterson,Rogers Canada,"{state: 'BC',postalCode: 'V6C 1G8',street: '700 W Pender Street',city: 'Vancouver',country: 'Canada'}","{'phone': '+1 (604) 688-2255','fax' : '+1 (604) 688-8756'}",jenniferp@rogers.ca,3,Peacock,47
15,Jennifer,Peterson,Rogers Canada,"{state: 'BC',postalCode: 'V6C 1G8',street: '700 W Pender Street',city: 'Vancouver',country: 'Canada'}","{'phone': '+1 (604) 688-2255','fax' : '+1 (604) 688-8756'}",jenniferp@rogers.ca,3,Peacock,102
15,Jennifer,Peterson,Rogers Canada,"{state: 'BC',postalCode: 'V6C 1G8',street: '700 W Pender Street',city: 'Vancouver',country: 'Canada'}","{'phone': '+1 (604) 688-2255','fax' : '+1 (604) 688-8756'}",jenniferp@rogers.ca,3,Peacock,231
15,Jennifer,Peterson,Rogers Canada,"{state: 'BC',postalCode: 'V6C 1G8',street: '700 W Pender Street',city: 'Vancouver',country: 'Canada'}","{'phone': '+1 (604) 688-2255','fax' : '+1 (604) 688-8756'}",jenniferp@rogers.ca,3,Peacock,254
15,Jennifer,Peterson,Rogers Canada,"{state: 'BC',postalCode: 'V6C 1G8',street: '700 W Pender Street',city: 'Vancouver',country: 'Canada'}","{'phone': '+1 (604) 688-2255','fax' : '+1 (604) 688-8756'}",jenniferp@rogers.ca,3,Peacock,276
15,Jennifer,Peterson,Rogers Canada,"{state: 'BC',postalCode: 'V6C 1G8',street: '700 W Pender Street',city: 'Vancouver',country: 'Canada'}","{'phone': '+1 (604) 688-2255','fax' : '+1 (604) 688-8756'}",jenniferp@rogers.ca,3,Peacock,328
16,Frank,Harris,Google Inc.,"{state: 'CA',postalCode: '94043-1351',street: '1600 Amphitheatre Parkway',city: 'Mountain View',country: 'USA'}","{'phone': '+1 (650) 253-0000','fax' : '+1 (650) 253-0000'}",fharris@google.com,4,Park,13
16,Frank,Harris,Google Inc.,"{state: 'CA',postalCode: '94043-1351',street: '1600 Amphitheatre Parkway',city: 'Mountain View',country: 'USA'}","{'phone': '+1 (650) 253-0000','fax' : '+1 (650) 253-0000'}",fharris@google.com,4,Park,134
16,Frank,Harris,Google Inc.,"{state: 'CA',postalCode: '94043-1351',street: '1600 Amphitheatre Parkway',city: 'Mountain View',country: 'USA'}","{'phone': '+1 (650) 253-0000','fax' : '+1 (650) 253-0000'}",fharris@google.com,4,Park,145
16,Frank,Harris,Google Inc.,"{state: 'CA',postalCode: '94043-1351',street: '1600 Amphitheatre Parkway',city: 'Mountain View',country: 'USA'}","{'phone': '+1 (650) 253-0000','fax' : '+1 (650) 253-0000'}",fharris@google.com,4,Park,200
16,Frank,Harris,Google Inc.,"{state: 'CA',postalCode: '94043-1351',street: '1600 Amphitheatre Parkway',city: 'Mountain View',country: 'USA'}","{'phone': '+1 (650) 253-0000','fax' : '+1 (650) 253-0000'}",fharris@google.com,4,Park,329
16,Frank,Harris,Google Inc.,"{state: 'CA',postalCode: '94043-1351',street: '1600 Amphitheatre Parkway',city: 'Mountain View',country: 'USA'}","{'phone': '+1 (650) 253-0000','fax' : '+1 (650) 253-0000'}",fharris@google.com,4,Park,352
16,Frank,Harris,Google Inc.,"{state: 'CA',postalCode: '94043-1351',street: '1600 Amphitheatre Parkway',city: 'Mountain View',country: 'USA'}","{'phone': '+1 (650) 253-0000','fax' : '+1 (650) 253-0000'}",fharris@google.com,4,Park,374
17,Jack,Smith,Microsoft Corporation,"{state: 'WA',postalCode: '98052-8300',street: '1 Microsoft Way',city: 'Redmond',country: 'USA'}","{'phone': '+1 (425) 882-8080','fax' : '+1 (425) 882-8081'}",jacksmith@microsoft.com,5,Johnson,14
17,Jack,Smith,Microsoft Corporation,"{state: 'WA',postalCode: '98052-8300',street: '1 Microsoft Way',city: 'Redmond',country: 'USA'}","{'phone': '+1 (425) 882-8080','fax' : '+1 (425) 882-8081'}",jacksmith@microsoft.com,5,Johnson,37
17,Jack,Smith,Microsoft Corporation,"{state: 'WA',postalCode: '98052-8300',street: '1 Microsoft Way',city: 'Redmond',country: 'USA'}","{'phone': '+1 (425) 882-8080','fax' : '+1 (425) 882-8081'}",jacksmith@microsoft.com,5,Johnson,59
17,Jack,Smith,Microsoft Corporation,"{state: 'WA',postalCode: '98052-8300',street: '1 Microsoft Way',city: 'Redmond',country: 'USA'}","{'phone': '+1 (425) 882-8080','fax' : '+1 (425) 882-8081'}",jacksmith@microsoft.com,5,Johnson,111
17,Jack,Smith,Microsoft Corporation,"{state: 'WA',postalCode: '98052-8300',street: '1 Microsoft Way',city: 'Redmond',country: 'USA'}","{'phone': '+1 (425) 882-8080','fax' : '+1 (425) 882-8081'}",jacksmith@microsoft.com,5,Johnson,232
17,Jack,Smith,Microsoft Corporation,"{state: 'WA',postalCode: '98052-8300',street: '1 Microsoft Way',city: 'Redmond',country: 'USA'}","{'phone': '+1 (425) 882-8080','fax' : '+1 (425) 882-8081'}",jacksmith@microsoft.com,5,Johnson,243
17,Jack,Smith,Microsoft Corporation,"{state: 'WA',postalCode: '98052-8300',street: '1 Microsoft Way',city: 'Redmond',country: 'USA'}","{'phone': '+1 (425) 882-8080','fax' : '+1 (425) 882-8081'}",jacksmith@microsoft.com,5,Johnson,298
18,Michelle,Brooks,,"{state: 'NY',postalCode: '10012-2612',street: '627 Broadway',city: 'New York',country: 'USA'}","{'phone': '+1 (212) 221-3546','fax' : '+1 (212) 221-4679'}",michelleb@aol.com,3,Peacock,112
18,Michelle,Brooks,,"{state: 'NY',postalCode: '10012-2612',street: '627 Broadway',city: 'New York',country: 'USA'}","{'phone': '+1 (212) 221-3546','fax' : '+1 (212) 221-4679'}",michelleb@aol.com,3,Peacock,135
18,Michelle,Brooks,,"{state: 'NY',postalCode: '10012-2612',street: '627 Broadway',city: 'New York',country: 'USA'}","{'phone': '+1 (212) 221-3546','fax' : '+1 (212) 221-4679'}",michelleb@aol.com,3,Peacock,157
18,Michelle,Brooks,,"{state: 'NY',postalCode: '10012-2612',street: '627 Broadway',city: 'New York',country: 'USA'}","{'phone': '+1 (212) 221-3546','fax' : '+1 (212) 221-4679'}",michelleb@aol.com,3,Peacock,209
18,Michelle,Brooks,,"{state: 'NY',postalCode: '10012-2612',street: '627 Broadway',city: 'New York',country: 'USA'}","{'phone': '+1 (212) 221-3546','fax' : '+1 (212) 221-4679'}",michelleb@aol.com,3,Peacock,330
18,Michelle,Brooks,,"{state: 'NY',postalCode: '10012-2612',street: '627 Broadway',city: 'New York',country: 'USA'}","{'phone': '+1 (212) 221-3546','fax' : '+1 (212) 221-4679'}",michelleb@aol.com,3,Peacock,341
18,Michelle,Brooks,,"{state: 'NY',postalCode: '10012-2612',street: '627 Broadway',city: 'New York',country: 'USA'}","{'phone': '+1 (212) 221-3546','fax' : '+1 (212) 221-4679'}",michelleb@aol.com,3,Peacock,396
19,Tim,Goyer,Apple Inc.,"{state: 'CA',postalCode: '95014',street: '1 Infinite Loop',city: 'Cupertino',country: 'USA'}","{'phone': '+1 (408) 996-1010','fax' : '+1 (408) 996-1011'}",tgoyer@apple.com,3,Peacock,15
19,Tim,Goyer,Apple Inc.,"{state: 'CA',postalCode: '95014',street: '1 Infinite Loop',city: 'Cupertino',country: 'USA'}","{'phone': '+1 (408) 996-1010','fax' : '+1 (408) 996-1011'}",tgoyer@apple.com,3,Peacock,26
19,Tim,Goyer,Apple Inc.,"{state: 'CA',postalCode: '95014',street: '1 Infinite Loop',city: 'Cupertino',country: 'USA'}","{'phone': '+1 (408) 996-1010','fax' : '+1 (408) 996-1011'}",tgoyer@apple.com,3,Peacock,81
19,Tim,Goyer,Apple Inc.,"{state: 'CA',postalCode: '95014',street: '1 Infinite Loop',city: 'Cupertino',country: 'USA'}","{'phone': '+1 (408) 996-1010','fax' : '+1 (408) 996-1011'}",tgoyer@apple.com,3,Peacock,210
19,Tim,Goyer,Apple Inc.,"{state: 'CA',postalCode: '95014',street: '1 Infinite Loop',city: 'Cupertino',country: 'USA'}","{'phone': '+1 (408) 996-1010','fax' : '+1 (408) 996-1011'}",tgoyer@apple.com,3,Peacock,233
19,Tim,Goyer,Apple Inc.,"{state: 'CA',postalCode: '95014',street: '1 Infinite Loop',city: 'Cupertino',country: 'USA'}","{'phone': '+1 (408) 996-1010','fax' : '+1 (408) 996-1011'}",tgoyer@apple.com,3,Peacock,255
19,Tim,Goyer,Apple Inc.,"{state: 'CA',postalCode: '95014',street: '1 Infinite Loop',city: 'Cupertino',country: 'USA'}","{'phone': '+1 (408) 996-1010','fax' : '+1 (408) 996-1011'}",tgoyer@apple.com,3,Peacock,307
20,Dan,Miller,,"{state: 'CA',postalCode: '94040-111',street: '541 Del Medio Avenue',city: 'Mountain View',country: 'USA'}",{'phone': '+1 (650) 644-3358'},dmiller@comcast.com,4,Park,113
20,Dan,Miller,,"{state: 'CA',postalCode: '94040-111',street: '541 Del Medio Avenue',city: 'Mountain View',country: 'USA'}",{'phone': '+1 (650) 644-3358'},dmiller@comcast.com,4,Park,124
20,Dan,Miller,,"{state: 'CA',postalCode: '94040-111',street: '541 Del Medio Avenue',city: 'Mountain View',country: 'USA'}",{'phone': '+1 (650) 644-3358'},dmiller@comcast.com,4,Park,179
20,Dan,Miller,,"{state: 'CA',postalCode: '94040-111',street: '541 Del Medio Avenue',city: 'Mountain View',country: 'USA'}",{'phone': '+1 (650) 644-3358'},dmiller@comcast.com,4,Park,308
20,Dan,Miller,,"{state: 'CA',postalCode: '94040-111',street: '541 Del Medio Avenue',city: 'Mountain View',country: 'USA'}",{'phone': '+1 (650) 644-3358'},dmiller@comcast.com,4,Park,331
20,Dan,Miller,,"{state: 'CA',postalCode: '94040-111',street: '541 Del Medio Avenue',city: 'Mountain View',country: 'USA'}",{'phone': '+1 (650) 644-3358'},dmiller@comcast.com,4,Park,353
20,Dan,Miller,,"{state: 'CA',postalCode: '94040-111',street: '541 Del Medio Avenue',city: 'Mountain View',country: 'USA'}",{'phone': '+1 (650) 644-3358'},dmiller@comcast.com,4,Park,405
21,Kathy,Chase,,"{state: 'NV',postalCode: '89503',street: '801 W 4th Street',city: 'Reno',country: 'USA'}",{'phone': '+1 (775) 223-7665'},kachase@hotmail.com,5,Johnson,16
21,Kathy,Chase,,"{state: 'NV',postalCode: '89503',street: '801 W 4th Street',city: 'Reno',country: 'USA'}",{'phone': '+1 (775) 223-7665'},kachase@hotmail.com,5,Johnson,38
21,Kathy,Chase,,"{state: 'NV',postalCode: '89503',street: '801 W 4th Street',city: 'Reno',country: 'USA'}",{'phone': '+1 (775) 223-7665'},kachase@hotmail.com,5,Johnson,90
21,Kathy,Chase,,"{state: 'NV',postalCode: '89503',street: '801 W 4th Street',city: 'Reno',country: 'USA'}",{'phone': '+1 (775) 223-7665'},kachase@hotmail.com,5,Johnson,211
21,Kathy,Chase,,"{state: 'NV',postalCode: '89503',street: '801 W 4th Street',city: 'Reno',country: 'USA'}",{'phone': '+1 (775) 223-7665'},kachase@hotmail.com,5,Johnson,222
21,Kathy,Chase,,"{state: 'NV',postalCode: '89503',street: '801 W 4th Street',city: 'Reno',country: 'USA'}",{'phone': '+1 (775) 223-7665'},kachase@hotmail.com,5,Johnson,277
21,Kathy,Chase,,"{state: 'NV',postalCode: '89503',street: '801 W 4th Street',city: 'Reno',country: 'USA'}",{'phone': '+1 (775) 223-7665'},kachase@hotmail.com,5,Johnson,406
22,Heather,Leacock,,"{state: 'FL',postalCode: '32801',street: '120 S Orange Ave',city: 'Orlando',country: 'USA'}",{'phone': '+1 (407) 999-7788'},hleacock@gmail.com,4,Park,91
22,Heather,Leacock,,"{state: 'FL',postalCode: '32801',street: '120 S Orange Ave',city: 'Orlando',country: 'USA'}",{'phone': '+1 (407) 999-7788'},hleacock@gmail.com,4,Park,114
22,Heather,Leacock,,"{state: 'FL',postalCode: '32801',street: '120 S Orange Ave',city: 'Orlando',country: 'USA'}",{'phone': '+1 (407) 999-7788'},hleacock@gmail.com,4,Park,136
22,Heather,Leacock,,"{state: 'FL',postalCode: '32801',street: '120 S Orange Ave',city: 'Orlando',country: 'USA'}",{'phone': '+1 (407) 999-7788'},hleacock@gmail.com,4,Park,188
22,Heather,Leacock,,"{state: 'FL',postalCode: '32801',street: '120 S Orange Ave',city: 'Orlando',country: 'USA'}",{'phone': '+1 (407) 999-7788'},hleacock@gmail.com,4,Park,309
22,Heather,Leacock,,"{state: 'FL',postalCode: '32801',street: '120 S Orange Ave',city: 'Orlando',country: 'USA'}",{'phone': '+1 (407) 999-7788'},hleacock@gmail.com,4,Park,320
22,Heather,Leacock,,"{state: 'FL',postalCode: '32801',street: '120 S Orange Ave',city: 'Orlando',country: 'USA'}",{'phone': '+1 (407) 999-7788'},hleacock@gmail.com,4,Park,375
23,John,Gordon,,"{state: 'MA',postalCode: '2113',street: '69 Salem Street',city: 'Boston',country: 'USA'}",{'phone': '+1 (617) 522-1333'},johngordon22@yahoo.com,4,Park,5
23,John,Gordon,,"{state: 'MA',postalCode: '2113',street: '69 Salem Street',city: 'Boston',country: 'USA'}",{'phone': '+1 (617) 522-1333'},johngordon22@yahoo.com,4,Park,60
23,John,Gordon,,"{state: 'MA',postalCode: '2113',street: '69 Salem Street',city: 'Boston',country: 'USA'}",{'phone': '+1 (617) 522-1333'},johngordon22@yahoo.com,4,Park,189
23,John,Gordon,,"{state: 'MA',postalCode: '2113',street: '69 Salem Street',city: 'Boston',country: 'USA'}",{'phone': '+1 (617) 522-1333'},johngordon22@yahoo.com,4,Park,212
23,John,Gordon,,"{state: 'MA',postalCode: '2113',street: '69 Salem Street',city: 'Boston',country: 'USA'}",{'phone': '+1 (617) 522-1333'},johngordon22@yahoo.com,4,Park,234
23,John,Gordon,,"{state: 'MA',postalCode: '2113',street: '69 Salem Street',city: 'Boston',country: 'USA'}",{'phone': '+1 (617) 522-1333'},johngordon22@yahoo.com,4,Park,286
23,John,Gordon,,"{state: 'MA',postalCode: '2113',street: '69 Salem Street',city: 'Boston',country: 'USA'}",{'phone': '+1 (617) 522-1333'},johngordon22@yahoo.com,4,Park,407
24,Frank,Ralston,,"{state: 'IL',postalCode: '60611',street: '162 E Superior Street',city: 'Chicago',country: 'USA'}",{'phone': '+1 (312) 332-3232'},fralston@gmail.com,3,Peacock,92
24,Frank,Ralston,,"{state: 'IL',postalCode: '60611',street: '162 E Superior Street',city: 'Chicago',country: 'USA'}",{'phone': '+1 (312) 332-3232'},fralston@gmail.com,3,Peacock,103
24,Frank,Ralston,,"{state: 'IL',postalCode: '60611',street: '162 E Superior Street',city: 'Chicago',country: 'USA'}",{'phone': '+1 (312) 332-3232'},fralston@gmail.com,3,Peacock,158
24,Frank,Ralston,,"{state: 'IL',postalCode: '60611',street: '162 E Superior Street',city: 'Chicago',country: 'USA'}",{'phone': '+1 (312) 332-3232'},fralston@gmail.com,3,Peacock,287
24,Frank,Ralston,,"{state: 'IL',postalCode: '60611',street: '162 E Superior Street',city: 'Chicago',country: 'USA'}",{'phone': '+1 (312) 332-3232'},fralston@gmail.com,3,Peacock,310
24,Frank,Ralston,,"{state: 'IL',postalCode: '60611',street: '162 E Superior Street',city: 'Chicago',country: 'USA'}",{'phone': '+1 (312) 332-3232'},fralston@gmail.com,3,Peacock,332
24,Frank,Ralston,,"{state: 'IL',postalCode: '60611',street: '162 E Superior Street',city: 'Chicago',country: 'USA'}",{'phone': '+1 (312) 332-3232'},fralston@gmail.com,3,Peacock,384
25,Victor,Stevens,,"{state: 'WI',postalCode: '53703',street: '319 N. Frances Street',city: 'Madison',country: 'USA'}",{'phone': '+1 (608) 257-0597'},vstevens@yahoo.com,5,Johnson,17
25,Victor,Stevens,,"{state: 'WI',postalCode: '53703',street: '319 N. Frances Street',city: 'Madison',country: 'USA'}",{'phone': '+1 (608) 257-0597'},vstevens@yahoo.com,5,Johnson,69
25,Victor,Stevens,,"{state: 'WI',postalCode: '53703',street: '319 N. Frances Street',city: 'Madison',country: 'USA'}",{'phone': '+1 (608) 257-0597'},vstevens@yahoo.com,5,Johnson,190
25,Victor,Stevens,,"{state: 'WI',postalCode: '53703',street: '319 N. Frances Street',city: 'Madison',country: 'USA'}",{'phone': '+1 (608) 257-0597'},vstevens@yahoo.com,5,Johnson,201
25,Victor,Stevens,,"{state: 'WI',postalCode: '53703',street: '319 N. Frances Street',city: 'Madison',country: 'USA'}",{'phone': '+1 (608) 257-0597'},vstevens@yahoo.com,5,Johnson,256
25,Victor,Stevens,,"{state: 'WI',postalCode: '53703',street: '319 N. Frances Street',city: 'Madison',country: 'USA'}",{'phone': '+1 (608) 257-0597'},vstevens@yahoo.com,5,Johnson,385
25,Victor,Stevens,,"{state: 'WI',postalCode: '53703',street: '319 N. Frances Street',city: 'Madison',country: 'USA'}",{'phone': '+1 (608) 257-0597'},vstevens@yahoo.com,5,Johnson,408
26,Richard,Cunningham,,"{state: 'TX',postalCode: '76110',street: '2211 W Berry Street',city: 'Fort Worth',country: 'USA'}",{'phone': '+1 (817) 924-7272'},ricunningham@hotmail.com,4,Park,70
26,Richard,Cunningham,,"{state: 'TX',postalCode: '76110',street: '2211 W Berry Street',city: 'Fort Worth',country: 'USA'}",{'phone': '+1 (817) 924-7272'},ricunningham@hotmail.com,4,Park,93
26,Richard,Cunningham,,"{state: 'TX',postalCode: '76110',street: '2211 W Berry Street',city: 'Fort Worth',country: 'USA'}",{'phone': '+1 (817) 924-7272'},ricunningham@hotmail.com,4,Park,115
26,Richard,Cunningham,,"{state: 'TX',postalCode: '76110',street: '2211 W Berry Street',city: 'Fort Worth',country: 'USA'}",{'phone': '+1 (817) 924-7272'},ricunningham@hotmail.com,4,Park,167
26,Richard,Cunningham,,"{state: 'TX',postalCode: '76110',street: '2211 W Berry Street',city: 'Fort Worth',country: 'USA'}",{'phone': '+1 (817) 924-7272'},ricunningham@hotmail.com,4,Park,288
26,Richard,Cunningham,,"{state: 'TX',postalCode: '76110',street: '2211 W Berry Street',city: 'Fort Worth',country: 'USA'}",{'phone': '+1 (817) 924-7272'},ricunningham@hotmail.com,4,Park,299
26,Richard,Cunningham,,"{state: 'TX',postalCode: '76110',street: '2211 W Berry Street',city: 'Fort Worth',country: 'USA'}",{'phone': '+1 (817) 924-7272'},ricunningham@hotmail.com,4,Park,354
27,Patrick,Gray,,"{state: 'AZ',postalCode: '85719',street: '1033 N Park Ave',city: 'Tucson',country: 'USA'}",{'phone': '+1 (520) 622-4200'},patrick.gray@aol.com,4,Park,39
27,Patrick,Gray,,"{state: 'AZ',postalCode: '85719',street: '1033 N Park Ave',city: 'Tucson',country: 'USA'}",{'phone': '+1 (520) 622-4200'},patrick.gray@aol.com,4,Park,168
27,Patrick,Gray,,"{state: 'AZ',postalCode: '85719',street: '1033 N Park Ave',city: 'Tucson',country: 'USA'}",{'phone': '+1 (520) 622-4200'},patrick.gray@aol.com,4,Park,191
27,Patrick,Gray,,"{state: 'AZ',postalCode: '85719',street: '1033 N Park Ave',city: 'Tucson',country: 'USA'}",{'phone': '+1 (520) 622-4200'},patrick.gray@aol.com,4,Park,213
27,Patrick,Gray,,"{state: 'AZ',postalCode: '85719',street: '1033 N Park Ave',city: 'Tucson',country: 'USA'}",{'phone': '+1 (520) 622-4200'},patrick.gray@aol.com,4,Park,265
27,Patrick,Gray,,"{state: 'AZ',postalCode: '85719',street: '1033 N Park Ave',city: 'Tucson',country: 'USA'}",{'phone': '+1 (520) 622-4200'},patrick.gray@aol.com,4,Park,386
27,Patrick,Gray,,"{state: 'AZ',postalCode: '85719',street: '1033 N Park Ave',city: 'Tucson',country: 'USA'}",{'phone': '+1 (520) 622-4200'},patrick.gray@aol.com,4,Park,397
28,Julia,Barnett,,"{state: 'UT',postalCode: '84102',street: '302 S 700 E',city: 'Salt Lake City',country: 'USA'}",{'phone': '+1 (801) 531-7272'},jubarnett@gmail.com,5,Johnson,71
28,Julia,Barnett,,"{state: 'UT',postalCode: '84102',street: '302 S 700 E',city: 'Salt Lake City',country: 'USA'}",{'phone': '+1 (801) 531-7272'},jubarnett@gmail.com,5,Johnson,82
28,Julia,Barnett,,"{state: 'UT',postalCode: '84102',street: '302 S 700 E',city: 'Salt Lake City',country: 'USA'}",{'phone': '+1 (801) 531-7272'},jubarnett@gmail.com,5,Johnson,137
28,Julia,Barnett,,"{state: 'UT',postalCode: '84102',street: '302 S 700 E',city: 'Salt Lake City',country: 'USA'}",{'phone': '+1 (801) 531-7272'},jubarnett@gmail.com,5,Johnson,266
28,Julia,Barnett,,"{state: 'UT',postalCode: '84102',street: '302 S 700 E',city: 'Salt Lake City',country: 'USA'}",{'phone': '+1 (801) 531-7272'},jubarnett@gmail.com,5,Johnson,289
28,Julia,Barnett,,"{state: 'UT',postalCode: '84102',street: '302 S 700 E',city: 'Salt Lake City',country: 'USA'}",{'phone': '+1 (801) 531-7272'},jubarnett@gmail.com,5,Johnson,311
28,Julia,Barnett,,"{state: 'UT',postalCode: '84102',street: '302 S 700 E',city: 'Salt Lake City',country: 'USA'}",{'phone': '+1 (801) 531-7272'},jubarnett@gmail.com,5,Johnson,363
29,Robert,Brown,,"{state: 'ON',postalCode: 'M6J 1V1',street: '796 Dundas Street West',city: 'Toronto',country: 'Canada'}",{'phone': '+1 (416) 363-8888'},robbrown@shaw.ca,3,Peacock,48
29,Robert,Brown,,"{state: 'ON',postalCode: 'M6J 1V1',street: '796 Dundas Street West',city: 'Toronto',country: 'Canada'}",{'phone': '+1 (416) 363-8888'},robbrown@shaw.ca,3,Peacock,169
29,Robert,Brown,,"{state: 'ON',postalCode: 'M6J 1V1',street: '796 Dundas Street West',city: 'Toronto',country: 'Canada'}",{'phone': '+1 (416) 363-8888'},robbrown@shaw.ca,3,Peacock,180
29,Robert,Brown,,"{state: 'ON',postalCode: 'M6J 1V1',street: '796 Dundas Street West',city: 'Toronto',country: 'Canada'}",{'phone': '+1 (416) 363-8888'},robbrown@shaw.ca,3,Peacock,235
29,Robert,Brown,,"{state: 'ON',postalCode: 'M6J 1V1',street: '796 Dundas Street West',city: 'Toronto',country: 'Canada'}",{'phone': '+1 (416) 363-8888'},robbrown@shaw.ca,3,Peacock,364
29,Robert,Brown,,"{state: 'ON',postalCode: 'M6J 1V1',street: '796 Dundas Street West',city: 'Toronto',country: 'Canada'}",{'phone': '+1 (416) 363-8888'},robbrown@shaw.ca,3,Peacock,387
29,Robert,Brown,,"{state: 'ON',postalCode: 'M6J 1V1',street: '796 Dundas Street West',city: 'Toronto',country: 'Canada'}",{'phone': '+1 (416) 363-8888'},robbrown@shaw.ca,3,Peacock,409
30,Edward,Francis,,"{state: 'ON',postalCode: 'K2P 1L7',street: '230 Elgin Street',city: 'Ottawa',country: 'Canada'}",{'phone': '+1 (613) 234-3322'},edfrancis@yachoo.ca,3,Peacock,49
30,Edward,Francis,,"{state: 'ON',postalCode: 'K2P 1L7',street: '230 Elgin Street',city: 'Ottawa',country: 'Canada'}",{'phone': '+1 (613) 234-3322'},edfrancis@yachoo.ca,3,Peacock,72
30,Edward,Francis,,"{state: 'ON',postalCode: 'K2P 1L7',street: '230 Elgin Street',city: 'Ottawa',country: 'Canada'}",{'phone': '+1 (613) 234-3322'},edfrancis@yachoo.ca,3,Peacock,94
30,Edward,Francis,,"{state: 'ON',postalCode: 'K2P 1L7',street: '230 Elgin Street',city: 'Ottawa',country: 'Canada'}",{'phone': '+1 (613) 234-3322'},edfrancis@yachoo.ca,3,Peacock,146
30,Edward,Francis,,"{state: 'ON',postalCode: 'K2P 1L7',street: '230 Elgin Street',city: 'Ottawa',country: 'Canada'}",{'phone': '+1 (613) 234-3322'},edfrancis@yachoo.ca,3,Peacock,267
30,Edward,Francis,,"{state: 'ON',postalCode: 'K2P 1L7',street: '230 Elgin Street',city: 'Ottawa',country: 'Canada'}",{'phone': '+1 (613) 234-3322'},edfrancis@yachoo.ca,3,Peacock,278
30,Edward,Francis,,"{state: 'ON',postalCode: 'K2P 1L7',street: '230 Elgin Street',city: 'Ottawa',country: 'Canada'}",{'phone': '+1 (613) 234-3322'},edfrancis@yachoo.ca,3,Peacock,333
31,Martha,Silk,,"{state: 'NS',postalCode: 'B3S 1C5',street: '194A Chain Lake Drive',city: 'Halifax',country: 'Canada'}",{'phone': '+1 (902) 450-0450'},marthasilk@gmail.com,5,Johnson,18
31,Martha,Silk,,"{state: 'NS',postalCode: 'B3S 1C5',street: '194A Chain Lake Drive',city: 'Halifax',country: 'Canada'}",{'phone': '+1 (902) 450-0450'},marthasilk@gmail.com,5,Johnson,147
31,Martha,Silk,,"{state: 'NS',postalCode: 'B3S 1C5',street: '194A Chain Lake Drive',city: 'Halifax',country: 'Canada'}",{'phone': '+1 (902) 450-0450'},marthasilk@gmail.com,5,Johnson,170
31,Martha,Silk,,"{state: 'NS',postalCode: 'B3S 1C5',street: '194A Chain Lake Drive',city: 'Halifax',country: 'Canada'}",{'phone': '+1 (902) 450-0450'},marthasilk@gmail.com,5,Johnson,192
31,Martha,Silk,,"{state: 'NS',postalCode: 'B3S 1C5',street: '194A Chain Lake Drive',city: 'Halifax',country: 'Canada'}",{'phone': '+1 (902) 450-0450'},marthasilk@gmail.com,5,Johnson,244
31,Martha,Silk,,"{state: 'NS',postalCode: 'B3S 1C5',street: '194A Chain Lake Drive',city: 'Halifax',country: 'Canada'}",{'phone': '+1 (902) 450-0450'},marthasilk@gmail.com,5,Johnson,365
31,Martha,Silk,,"{state: 'NS',postalCode: 'B3S 1C5',street: '194A Chain Lake Drive',city: 'Halifax',country: 'Canada'}",{'phone': '+1 (902) 450-0450'},marthasilk@gmail.com,5,Johnson,376
32,Aaron,Mitchell,,"{state: 'MB',postalCode: 'R3L 2B9',street: '696 Osborne Street',city: 'Winnipeg',country: 'Canada'}",{'phone': '+1 (204) 452-6452'},aaronmitchell@yahoo.ca,4,Park,50
32,Aaron,Mitchell,,"{state: 'MB',postalCode: 'R3L 2B9',street: '696 Osborne Street',city: 'Winnipeg',country: 'Canada'}",{'phone': '+1 (204) 452-6452'},aaronmitchell@yahoo.ca,4,Park,61
32,Aaron,Mitchell,,"{state: 'MB',postalCode: 'R3L 2B9',street: '696 Osborne Street',city: 'Winnipeg',country: 'Canada'}",{'phone': '+1 (204) 452-6452'},aaronmitchell@yahoo.ca,4,Park,116
32,Aaron,Mitchell,,"{state: 'MB',postalCode: 'R3L 2B9',street: '696 Osborne Street',city: 'Winnipeg',country: 'Canada'}",{'phone': '+1 (204) 452-6452'},aaronmitchell@yahoo.ca,4,Park,245
32,Aaron,Mitchell,,"{state: 'MB',postalCode: 'R3L 2B9',street: '696 Osborne Street',city: 'Winnipeg',country: 'Canada'}",{'phone': '+1 (204) 452-6452'},aaronmitchell@yahoo.ca,4,Park,268
32,Aaron,Mitchell,,"{state: 'MB',postalCode: 'R3L 2B9',street: '696 Osborne Street',city: 'Winnipeg',country: 'Canada'}",{'phone': '+1 (204) 452-6452'},aaronmitchell@yahoo.ca,4,Park,290
32,Aaron,Mitchell,,"{state: 'MB',postalCode: 'R3L 2B9',street: '696 Osborne Street',city: 'Winnipeg',country: 'Canada'}",{'phone': '+1 (204) 452-6452'},aaronmitchell@yahoo.ca,4,Park,342
33,Ellie,Sullivan,,"{state: 'NT',postalCode: 'X1A 1N6',street: '5112 48 Street',city: 'Yellowknife',country: 'Canada'}",{'phone': '+1 (867) 920-2233'},ellie.sullivan@shaw.ca,3,Peacock,27
33,Ellie,Sullivan,,"{state: 'NT',postalCode: 'X1A 1N6',street: '5112 48 Street',city: 'Yellowknife',country: 'Canada'}",{'phone': '+1 (867) 920-2233'},ellie.sullivan@shaw.ca,3,Peacock,148
33,Ellie,Sullivan,,"{state: 'NT',postalCode: 'X1A 1N6',street: '5112 48 Street',city: 'Yellowknife',country: 'Canada'}",{'phone': '+1 (867) 920-2233'},ellie.sullivan@shaw.ca,3,Peacock,159
33,Ellie,Sullivan,,"{state: 'NT',postalCode: 'X1A 1N6',street: '5112 48 Street',city: 'Yellowknife',country: 'Canada'}",{'phone': '+1 (867) 920-2233'},ellie.sullivan@shaw.ca,3,Peacock,214
33,Ellie,Sullivan,,"{state: 'NT',postalCode: 'X1A 1N6',street: '5112 48 Street',city: 'Yellowknife',country: 'Canada'}",{'phone': '+1 (867) 920-2233'},ellie.sullivan@shaw.ca,3,Peacock,343
33,Ellie,Sullivan,,"{state: 'NT',postalCode: 'X1A 1N6',street: '5112 48 Street',city: 'Yellowknife',country: 'Canada'}",{'phone': '+1 (867) 920-2233'},ellie.sullivan@shaw.ca,3,Peacock,366
33,Ellie,Sullivan,,"{state: 'NT',postalCode: 'X1A 1N6',street: '5112 48 Street',city: 'Yellowknife',country: 'Canada'}",{'phone': '+1 (867) 920-2233'},ellie.sullivan@shaw.ca,3,Peacock,388
34,João,Fernandes,,"{street: 'Rua da Assunção 53',city: 'Lisbon',country: 'Portugal'}",{'phone': '+351 (213) 466-111'},jfernandes@yahoo.pt,4,Park,28
34,João,Fernandes,,"{street: 'Rua da Assunção 53',city: 'Lisbon',country: 'Portugal'}",{'phone': '+351 (213) 466-111'},jfernandes@yahoo.pt,4,Park,51
34,João,Fernandes,,"{street: 'Rua da Assunção 53',city: 'Lisbon',country: 'Portugal'}",{'phone': '+351 (213) 466-111'},jfernandes@yahoo.pt,4,Park,73
34,João,Fernandes,,"{street: 'Rua da Assunção 53',city: 'Lisbon',country: 'Portugal'}",{'phone': '+351 (213) 466-111'},jfernandes@yahoo.pt,4,Park,125
34,João,Fernandes,,"{street: 'Rua da Assunção 53',city: 'Lisbon',country: 'Portugal'}",{'phone': '+351 (213) 466-111'},jfernandes@yahoo.pt,4,Park,246
34,João,Fernandes,,"{street: 'Rua da Assunção 53',city: 'Lisbon',country: 'Portugal'}",{'phone': '+351 (213) 466-111'},jfernandes@yahoo.pt,4,Park,257
34,João,Fernandes,,"{street: 'Rua da Assunção 53',city: 'Lisbon',country: 'Portugal'}",{'phone': '+351 (213) 466-111'},jfernandes@yahoo.pt,4,Park,312
35,Madalena,Sampaio,,"{street: 'Rua dos Campeões Europeus de Viena, 4350',city: 'Porto',country: 'Portugal'}",{'phone': '+351 (225) 022-448'},masampaio@sapo.pt,4,Park,126
35,Madalena,Sampaio,,"{street: 'Rua dos Campeões Europeus de Viena, 4350',city: 'Porto',country: 'Portugal'}",{'phone': '+351 (225) 022-448'},masampaio@sapo.pt,4,Park,149
35,Madalena,Sampaio,,"{street: 'Rua dos Campeões Europeus de Viena, 4350',city: 'Porto',country: 'Portugal'}",{'phone': '+351 (225) 022-448'},masampaio@sapo.pt,4,Park,171
35,Madalena,Sampaio,,"{street: 'Rua dos Campeões Europeus de Viena, 4350',city: 'Porto',country: 'Portugal'}",{'phone': '+351 (225) 022-448'},masampaio@sapo.pt,4,Park,223
35,Madalena,Sampaio,,"{street: 'Rua dos Campeões Europeus de Viena, 4350',city: 'Porto',country: 'Portugal'}",{'phone': '+351 (225) 022-448'},masampaio@sapo.pt,4,Park,344
35,Madalena,Sampaio,,"{street: 'Rua dos Campeões Europeus de Viena, 4350',city: 'Porto',country: 'Portugal'}",{'phone': '+351 (225) 022-448'},masampaio@sapo.pt,4,Park,355
35,Madalena,Sampaio,,"{street: 'Rua dos Campeões Europeus de Viena, 4350',city: 'Porto',country: 'Portugal'}",{'phone': '+351 (225) 022-448'},masampaio@sapo.pt,4,Park,410
36,Hannah,Schneider,,"{postalCode: '10789',street: 'Tauentzienstraße 8',city: 'Berlin',country: 'Germany'}",{'phone': '+49 030 26550280'},hannah.schneider@yahoo.de,5,Johnson,29
36,Hannah,Schneider,,"{postalCode: '10789',street: 'Tauentzienstraße 8',city: 'Berlin',country: 'Germany'}",{'phone': '+49 030 26550280'},hannah.schneider@yahoo.de,5,Johnson,40
36,Hannah,Schneider,,"{postalCode: '10789',street: 'Tauentzienstraße 8',city: 'Berlin',country: 'Germany'}",{'phone': '+49 030 26550280'},hannah.schneider@yahoo.de,5,Johnson,95
36,Hannah,Schneider,,"{postalCode: '10789',street: 'Tauentzienstraße 8',city: 'Berlin',country: 'Germany'}",{'phone': '+49 030 26550280'},hannah.schneider@yahoo.de,5,Johnson,224
36,Hannah,Schneider,,"{postalCode: '10789',street: 'Tauentzienstraße 8',city: 'Berlin',country: 'Germany'}",{'phone': '+49 030 26550280'},hannah.schneider@yahoo.de,5,Johnson,247
36,Hannah,Schneider,,"{postalCode: '10789',street: 'Tauentzienstraße 8',city: 'Berlin',country: 'Germany'}",{'phone': '+49 030 26550280'},hannah.schneider@yahoo.de,5,Johnson,269
36,Hannah,Schneider,,"{postalCode: '10789',street: 'Tauentzienstraße 8',city: 'Berlin',country: 'Germany'}",{'phone': '+49 030 26550280'},hannah.schneider@yahoo.de,5,Johnson,321
37,Fynn,Zimmermann,,"{postalCode: '60316',street: 'Berger Straße 10',city: 'Frankfurt',country: 'Germany'}",{'phone': '+49 069 40598889'},fzimmermann@yahoo.de,3,Peacock,6
37,Fynn,Zimmermann,,"{postalCode: '60316',street: 'Berger Straße 10',city: 'Frankfurt',country: 'Germany'}",{'phone': '+49 069 40598889'},fzimmermann@yahoo.de,3,Peacock,127
37,Fynn,Zimmermann,,"{postalCode: '60316',street: 'Berger Straße 10',city: 'Frankfurt',country: 'Germany'}",{'phone': '+49 069 40598889'},fzimmermann@yahoo.de,3,Peacock,138
37,Fynn,Zimmermann,,"{postalCode: '60316',street: 'Berger Straße 10',city: 'Frankfurt',country: 'Germany'}",{'phone': '+49 069 40598889'},fzimmermann@yahoo.de,3,Peacock,193
37,Fynn,Zimmermann,,"{postalCode: '60316',street: 'Berger Straße 10',city: 'Frankfurt',country: 'Germany'}",{'phone': '+49 069 40598889'},fzimmermann@yahoo.de,3,Peacock,322
37,Fynn,Zimmermann,,"{postalCode: '60316',street: 'Berger Straße 10',city: 'Frankfurt',country: 'Germany'}",{'phone': '+49 069 40598889'},fzimmermann@yahoo.de,3,Peacock,345
37,Fynn,Zimmermann,,"{postalCode: '60316',street: 'Berger Straße 10',city: 'Frankfurt',country: 'Germany'}",{'phone': '+49 069 40598889'},fzimmermann@yahoo.de,3,Peacock,367
38,Niklas,Schröder,,"{postalCode: '10779',street: 'Barbarossastraße 19',city: 'Berlin',country: 'Germany'}",{'phone': '+49 030 2141444'},nschroder@surfeu.de,3,Peacock,7
38,Niklas,Schröder,,"{postalCode: '10779',street: 'Barbarossastraße 19',city: 'Berlin',country: 'Germany'}",{'phone': '+49 030 2141444'},nschroder@surfeu.de,3,Peacock,30
38,Niklas,Schröder,,"{postalCode: '10779',street: 'Barbarossastraße 19',city: 'Berlin',country: 'Germany'}",{'phone': '+49 030 2141444'},nschroder@surfeu.de,3,Peacock,52
38,Niklas,Schröder,,"{postalCode: '10779',street: 'Barbarossastraße 19',city: 'Berlin',country: 'Germany'}",{'phone': '+49 030 2141444'},nschroder@surfeu.de,3,Peacock,104
38,Niklas,Schröder,,"{postalCode: '10779',street: 'Barbarossastraße 19',city: 'Berlin',country: 'Germany'}",{'phone': '+49 030 2141444'},nschroder@surfeu.de,3,Peacock,225
38,Niklas,Schröder,,"{postalCode: '10779',street: 'Barbarossastraße 19',city: 'Berlin',country: 'Germany'}",{'phone': '+49 030 2141444'},nschroder@surfeu.de,3,Peacock,236
38,Niklas,Schröder,,"{postalCode: '10779',street: 'Barbarossastraße 19',city: 'Berlin',country: 'Germany'}",{'phone': '+49 030 2141444'},nschroder@surfeu.de,3,Peacock,291
39,Camille,Bernard,,"{postalCode: '75009',street: '4, Rue Milton',city: 'Paris',country: 'France'}",{'phone': '+33 01 49 70 65 65'},camille.bernard@yahoo.fr,4,Park,105
39,Camille,Bernard,,"{postalCode: '75009',street: '4, Rue Milton',city: 'Paris',country: 'France'}",{'phone': '+33 01 49 70 65 65'},camille.bernard@yahoo.fr,4,Park,128
39,Camille,Bernard,,"{postalCode: '75009',street: '4, Rue Milton',city: 'Paris',country: 'France'}",{'phone': '+33 01 49 70 65 65'},camille.bernard@yahoo.fr,4,Park,150
39,Camille,Bernard,,"{postalCode: '75009',street: '4, Rue Milton',city: 'Paris',country: 'France'}",{'phone': '+33 01 49 70 65 65'},camille.bernard@yahoo.fr,4,Park,202
39,Camille,Bernard,,"{postalCode: '75009',street: '4, Rue Milton',city: 'Paris',country: 'France'}",{'phone': '+33 01 49 70 65 65'},camille.bernard@yahoo.fr,4,Park,323
39,Camille,Bernard,,"{postalCode: '75009',street: '4, Rue Milton',city: 'Paris',country: 'France'}",{'phone': '+33 01 49 70 65 65'},camille.bernard@yahoo.fr,4,Park,334
39,Camille,Bernard,,"{postalCode: '75009',street: '4, Rue Milton',city: 'Paris',country: 'France'}",{'phone': '+33 01 49 70 65 65'},camille.bernard@yahoo.fr,4,Park,389
40,Dominique,Lefebvre,,"{postalCode: '75002',street: '8, Rue Hanovre',city: 'Paris',country: 'France'}",{'phone': '+33 01 47 42 71 71'},dominiquelefebvre@gmail.com,4,Park,8
40,Dominique,Lefebvre,,"{postalCode: '75002',street: '8, Rue Hanovre',city: 'Paris',country: 'France'}",{'phone': '+33 01 47 42 71 71'},dominiquelefebvre@gmail.com,4,Park,19
40,Dominique,Lefebvre,,"{postalCode: '75002',street: '8, Rue Hanovre',city: 'Paris',country: 'France'}",{'phone': '+33 01 47 42 71 71'},dominiquelefebvre@gmail.com,4,Park,74
40,Dominique,Lefebvre,,"{postalCode: '75002',street: '8, Rue Hanovre',city: 'Paris',country: 'France'}",{'phone': '+33 01 47 42 71 71'},dominiquelefebvre@gmail.com,4,Park,203
40,Dominique,Lefebvre,,"{postalCode: '75002',street: '8, Rue Hanovre',city: 'Paris',country: 'France'}",{'phone': '+33 01 47 42 71 71'},dominiquelefebvre@gmail.com,4,Park,226
40,Dominique,Lefebvre,,"{postalCode: '75002',street: '8, Rue Hanovre',city: 'Paris',country: 'France'}",{'phone': '+33 01 47 42 71 71'},dominiquelefebvre@gmail.com,4,Park,248
40,Dominique,Lefebvre,,"{postalCode: '75002',street: '8, Rue Hanovre',city: 'Paris',country: 'France'}",{'phone': '+33 01 47 42 71 71'},dominiquelefebvre@gmail.com,4,Park,300
41,Marc,Dubois,,"{postalCode: '69002',street: '11, Place Bellecour',city: 'Lyon',country: 'France'}",{'phone': '+33 04 78 30 30 30'},marc.dubois@hotmail.com,5,Johnson,106
41,Marc,Dubois,,"{postalCode: '69002',street: '11, Place Bellecour',city: 'Lyon',country: 'France'}",{'phone': '+33 04 78 30 30 30'},marc.dubois@hotmail.com,5,Johnson,117
41,Marc,Dubois,,"{postalCode: '69002',street: '11, Place Bellecour',city: 'Lyon',country: 'France'}",{'phone': '+33 04 78 30 30 30'},marc.dubois@hotmail.com,5,Johnson,172
41,Marc,Dubois,,"{postalCode: '69002',street: '11, Place Bellecour',city: 'Lyon',country: 'France'}",{'phone': '+33 04 78 30 30 30'},marc.dubois@hotmail.com,5,Johnson,301
41,Marc,Dubois,,"{postalCode: '69002',street: '11, Place Bellecour',city: 'Lyon',country: 'France'}",{'phone': '+33 04 78 30 30 30'},marc.dubois@hotmail.com,5,Johnson,324
41,Marc,Dubois,,"{postalCode: '69002',street: '11, Place Bellecour',city: 'Lyon',country: 'France'}",{'phone': '+33 04 78 30 30 30'},marc.dubois@hotmail.com,5,Johnson,346
41,Marc,Dubois,,"{postalCode: '69002',street: '11, Place Bellecour',city: 'Lyon',country: 'France'}",{'phone': '+33 04 78 30 30 30'},marc.dubois@hotmail.com,5,Johnson,398
42,Wyatt,Girard,,"{postalCode: '33000',street: '9, Place Louis Barthou',city: 'Bordeaux',country: 'France'}",{'phone': '+33 05 56 96 96 96'},wyatt.girard@yahoo.fr,3,Peacock,9
42,Wyatt,Girard,,"{postalCode: '33000',street: '9, Place Louis Barthou',city: 'Bordeaux',country: 'France'}",{'phone': '+33 05 56 96 96 96'},wyatt.girard@yahoo.fr,3,Peacock,31
42,Wyatt,Girard,,"{postalCode: '33000',street: '9, Place Louis Barthou',city: 'Bordeaux',country: 'France'}",{'phone': '+33 05 56 96 96 96'},wyatt.girard@yahoo.fr,3,Peacock,83
42,Wyatt,Girard,,"{postalCode: '33000',street: '9, Place Louis Barthou',city: 'Bordeaux',country: 'France'}",{'phone': '+33 05 56 96 96 96'},wyatt.girard@yahoo.fr,3,Peacock,204
42,Wyatt,Girard,,"{postalCode: '33000',street: '9, Place Louis Barthou',city: 'Bordeaux',country: 'France'}",{'phone': '+33 05 56 96 96 96'},wyatt.girard@yahoo.fr,3,Peacock,215
42,Wyatt,Girard,,"{postalCode: '33000',street: '9, Place Louis Barthou',city: 'Bordeaux',country: 'France'}",{'phone': '+33 05 56 96 96 96'},wyatt.girard@yahoo.fr,3,Peacock,270
42,Wyatt,Girard,,"{postalCode: '33000',street: '9, Place Louis Barthou',city: 'Bordeaux',country: 'France'}",{'phone': '+33 05 56 96 96 96'},wyatt.girard@yahoo.fr,3,Peacock,399
43,Isabelle,Mercier,,"{postalCode: '21000',street: '68, Rue Jouvence',city: 'Dijon',country: 'France'}",{'phone': '+33 03 80 73 66 99'},isabelle_mercier@apple.fr,3,Peacock,84
43,Isabelle,Mercier,,"{postalCode: '21000',street: '68, Rue Jouvence',city: 'Dijon',country: 'France'}",{'phone': '+33 03 80 73 66 99'},isabelle_mercier@apple.fr,3,Peacock,107
43,Isabelle,Mercier,,"{postalCode: '21000',street: '68, Rue Jouvence',city: 'Dijon',country: 'France'}",{'phone': '+33 03 80 73 66 99'},isabelle_mercier@apple.fr,3,Peacock,129
43,Isabelle,Mercier,,"{postalCode: '21000',street: '68, Rue Jouvence',city: 'Dijon',country: 'France'}",{'phone': '+33 03 80 73 66 99'},isabelle_mercier@apple.fr,3,Peacock,181
43,Isabelle,Mercier,,"{postalCode: '21000',street: '68, Rue Jouvence',city: 'Dijon',country: 'France'}",{'phone': '+33 03 80 73 66 99'},isabelle_mercier@apple.fr,3,Peacock,302
43,Isabelle,Mercier,,"{postalCode: '21000',street: '68, Rue Jouvence',city: 'Dijon',country: 'France'}",{'phone': '+33 03 80 73 66 99'},isabelle_mercier@apple.fr,3,Peacock,313
43,Isabelle,Mercier,,"{postalCode: '21000',street: '68, Rue Jouvence',city: 'Dijon',country: 'France'}",{'phone': '+33 03 80 73 66 99'},isabelle_mercier@apple.fr,3,Peacock,368
44,Terhi,Hämäläinen,,"{postalCode: '00530',street: 'Porthaninkatu 9',city: 'Helsinki',country: 'Finland'}",{'phone': '+358 09 870 2000'},terhi.hamalainen@apple.fi,3,Peacock,53
44,Terhi,Hämäläinen,,"{postalCode: '00530',street: 'Porthaninkatu 9',city: 'Helsinki',country: 'Finland'}",{'phone': '+358 09 870 2000'},terhi.hamalainen@apple.fi,3,Peacock,182
44,Terhi,Hämäläinen,,"{postalCode: '00530',street: 'Porthaninkatu 9',city: 'Helsinki',country: 'Finland'}",{'phone': '+358 09 870 2000'},terhi.hamalainen@apple.fi,3,Peacock,205
44,Terhi,Hämäläinen,,"{postalCode: '00530',street: 'Porthaninkatu 9',city: 'Helsinki',country: 'Finland'}",{'phone': '+358 09 870 2000'},terhi.hamalainen@apple.fi,3,Peacock,227
44,Terhi,Hämäläinen,,"{postalCode: '00530',street: 'Porthaninkatu 9',city: 'Helsinki',country: 'Finland'}",{'phone': '+358 09 870 2000'},terhi.hamalainen@apple.fi,3,Peacock,279
44,Terhi,Hämäläinen,,"{postalCode: '00530',street: 'Porthaninkatu 9',city: 'Helsinki',country: 'Finland'}",{'phone': '+358 09 870 2000'},terhi.hamalainen@apple.fi,3,Peacock,400
44,Terhi,Hämäläinen,,"{postalCode: '00530',street: 'Porthaninkatu 9',city: 'Helsinki',country: 'Finland'}",{'phone': '+358 09 870 2000'},terhi.hamalainen@apple.fi,3,Peacock,411
45,Ladislav,Kovács,,"{postalCode: 'H-1073',street: 'Erzsébet krt. 58.',city: 'Budapest',country: 'Hungary'}",{},ladislav_kovacs@apple.hu,3,Peacock,85
45,Ladislav,Kovács,,"{postalCode: 'H-1073',street: 'Erzsébet krt. 58.',city: 'Budapest',country: 'Hungary'}",{},ladislav_kovacs@apple.hu,3,Peacock,96
45,Ladislav,Kovács,,"{postalCode: 'H-1073',street: 'Erzsébet krt. 58.',city: 'Budapest',country: 'Hungary'}",{},ladislav_kovacs@apple.hu,3,Peacock,151
45,Ladislav,Kovács,,"{postalCode: 'H-1073',street: 'Erzsébet krt. 58.',city: 'Budapest',country: 'Hungary'}",{},ladislav_kovacs@apple.hu,3,Peacock,280
45,Ladislav,Kovács,,"{postalCode: 'H-1073',street: 'Erzsébet krt. 58.',city: 'Budapest',country: 'Hungary'}",{},ladislav_kovacs@apple.hu,3,Peacock,303
45,Ladislav,Kovács,,"{postalCode: 'H-1073',street: 'Erzsébet krt. 58.',city: 'Budapest',country: 'Hungary'}",{},ladislav_kovacs@apple.hu,3,Peacock,325
45,Ladislav,Kovács,,"{postalCode: 'H-1073',street: 'Erzsébet krt. 58.',city: 'Budapest',country: 'Hungary'}",{},ladislav_kovacs@apple.hu,3,Peacock,377
46,Hugh,O'Reilly,,"{state: 'Dublin',street: '3 Chatham Street',city: 'Dublin',country: 'Ireland'}",{'phone': '+353 01 6792424'},hughoreilly@apple.ie,3,Peacock,10
46,Hugh,O'Reilly,,"{state: 'Dublin',street: '3 Chatham Street',city: 'Dublin',country: 'Ireland'}",{'phone': '+353 01 6792424'},hughoreilly@apple.ie,3,Peacock,62
46,Hugh,O'Reilly,,"{state: 'Dublin',street: '3 Chatham Street',city: 'Dublin',country: 'Ireland'}",{'phone': '+353 01 6792424'},hughoreilly@apple.ie,3,Peacock,183
46,Hugh,O'Reilly,,"{state: 'Dublin',street: '3 Chatham Street',city: 'Dublin',country: 'Ireland'}",{'phone': '+353 01 6792424'},hughoreilly@apple.ie,3,Peacock,194
46,Hugh,O'Reilly,,"{state: 'Dublin',street: '3 Chatham Street',city: 'Dublin',country: 'Ireland'}",{'phone': '+353 01 6792424'},hughoreilly@apple.ie,3,Peacock,249
46,Hugh,O'Reilly,,"{state: 'Dublin',street: '3 Chatham Street',city: 'Dublin',country: 'Ireland'}",{'phone': '+353 01 6792424'},hughoreilly@apple.ie,3,Peacock,378
46,Hugh,O'Reilly,,"{state: 'Dublin',street: '3 Chatham Street',city: 'Dublin',country: 'Ireland'}",{'phone': '+353 01 6792424'},hughoreilly@apple.ie,3,Peacock,401
47,Lucas,Mancini,,"{state: 'RM',postalCode: '00192',street: 'Via Degli Scipioni, 43',city: 'Rome',country: 'Italy'}",{'phone': '+39 06 39733434'},lucas.mancini@yahoo.it,5,Johnson,63
47,Lucas,Mancini,,"{state: 'RM',postalCode: '00192',street: 'Via Degli Scipioni, 43',city: 'Rome',country: 'Italy'}",{'phone': '+39 06 39733434'},lucas.mancini@yahoo.it,5,Johnson,86
47,Lucas,Mancini,,"{state: 'RM',postalCode: '00192',street: 'Via Degli Scipioni, 43',city: 'Rome',country: 'Italy'}",{'phone': '+39 06 39733434'},lucas.mancini@yahoo.it,5,Johnson,108
47,Lucas,Mancini,,"{state: 'RM',postalCode: '00192',street: 'Via Degli Scipioni, 43',city: 'Rome',country: 'Italy'}",{'phone': '+39 06 39733434'},lucas.mancini@yahoo.it,5,Johnson,160
47,Lucas,Mancini,,"{state: 'RM',postalCode: '00192',street: 'Via Degli Scipioni, 43',city: 'Rome',country: 'Italy'}",{'phone': '+39 06 39733434'},lucas.mancini@yahoo.it,5,Johnson,281
47,Lucas,Mancini,,"{state: 'RM',postalCode: '00192',street: 'Via Degli Scipioni, 43',city: 'Rome',country: 'Italy'}",{'phone': '+39 06 39733434'},lucas.mancini@yahoo.it,5,Johnson,292
47,Lucas,Mancini,,"{state: 'RM',postalCode: '00192',street: 'Via Degli Scipioni, 43',city: 'Rome',country: 'Italy'}",{'phone': '+39 06 39733434'},lucas.mancini@yahoo.it,5,Johnson,347
48,Johannes,Van der Berg,,"{state: 'VV',postalCode: '1016',street: 'Lijnbaansgracht 120bg',city: 'Amsterdam',country: 'Netherlands'}",{'phone': '+31 020 6223130'},johavanderberg@yahoo.nl,5,Johnson,32
48,Johannes,Van der Berg,,"{state: 'VV',postalCode: '1016',street: 'Lijnbaansgracht 120bg',city: 'Amsterdam',country: 'Netherlands'}",{'phone': '+31 020 6223130'},johavanderberg@yahoo.nl,5,Johnson,161
48,Johannes,Van der Berg,,"{state: 'VV',postalCode: '1016',street: 'Lijnbaansgracht 120bg',city: 'Amsterdam',country: 'Netherlands'}",{'phone': '+31 020 6223130'},johavanderberg@yahoo.nl,5,Johnson,184
48,Johannes,Van der Berg,,"{state: 'VV',postalCode: '1016',street: 'Lijnbaansgracht 120bg',city: 'Amsterdam',country: 'Netherlands'}",{'phone': '+31 020 6223130'},johavanderberg@yahoo.nl,5,Johnson,206
48,Johannes,Van der Berg,,"{state: 'VV',postalCode: '1016',street: 'Lijnbaansgracht 120bg',city: 'Amsterdam',country: 'Netherlands'}",{'phone': '+31 020 6223130'},johavanderberg@yahoo.nl,5,Johnson,258
48,Johannes,Van der Berg,,"{state: 'VV',postalCode: '1016',street: 'Lijnbaansgracht 120bg',city: 'Amsterdam',country: 'Netherlands'}",{'phone': '+31 020 6223130'},johavanderberg@yahoo.nl,5,Johnson,379
48,Johannes,Van der Berg,,"{state: 'VV',postalCode: '1016',street: 'Lijnbaansgracht 120bg',city: 'Amsterdam',country: 'Netherlands'}",{'phone': '+31 020 6223130'},johavanderberg@yahoo.nl,5,Johnson,390
49,Stanisław,Wójcik,,"{postalCode: '00-358',street: 'Ordynacka 10',city: 'Warsaw',country: 'Poland'}",{'phone': '+48 22 828 37 39'},stanisław.wójcik@wp.pl,4,Park,64
49,Stanisław,Wójcik,,"{postalCode: '00-358',street: 'Ordynacka 10',city: 'Warsaw',country: 'Poland'}",{'phone': '+48 22 828 37 39'},stanisław.wójcik@wp.pl,4,Park,75
49,Stanisław,Wójcik,,"{postalCode: '00-358',street: 'Ordynacka 10',city: 'Warsaw',country: 'Poland'}",{'phone': '+48 22 828 37 39'},stanisław.wójcik@wp.pl,4,Park,130
49,Stanisław,Wójcik,,"{postalCode: '00-358',street: 'Ordynacka 10',city: 'Warsaw',country: 'Poland'}",{'phone': '+48 22 828 37 39'},stanisław.wójcik@wp.pl,4,Park,259
49,Stanisław,Wójcik,,"{postalCode: '00-358',street: 'Ordynacka 10',city: 'Warsaw',country: 'Poland'}",{'phone': '+48 22 828 37 39'},stanisław.wójcik@wp.pl,4,Park,282
49,Stanisław,Wójcik,,"{postalCode: '00-358',street: 'Ordynacka 10',city: 'Warsaw',country: 'Poland'}",{'phone': '+48 22 828 37 39'},stanisław.wójcik@wp.pl,4,Park,304
49,Stanisław,Wójcik,,"{postalCode: '00-358',street: 'Ordynacka 10',city: 'Warsaw',country: 'Poland'}",{'phone': '+48 22 828 37 39'},stanisław.wójcik@wp.pl,4,Park,356
50,Enrique,Muñoz,,"{postalCode: '28015',street: 'C/ San Bernardo 85',city: 'Madrid',country: 'Spain'}",{'phone': '+34 914 454 454'},enrique_munoz@yahoo.es,5,Johnson,41
50,Enrique,Muñoz,,"{postalCode: '28015',street: 'C/ San Bernardo 85',city: 'Madrid',country: 'Spain'}",{'phone': '+34 914 454 454'},enrique_munoz@yahoo.es,5,Johnson,162
50,Enrique,Muñoz,,"{postalCode: '28015',street: 'C/ San Bernardo 85',city: 'Madrid',country: 'Spain'}",{'phone': '+34 914 454 454'},enrique_munoz@yahoo.es,5,Johnson,173
50,Enrique,Muñoz,,"{postalCode: '28015',street: 'C/ San Bernardo 85',city: 'Madrid',country: 'Spain'}",{'phone': '+34 914 454 454'},enrique_munoz@yahoo.es,5,Johnson,228
50,Enrique,Muñoz,,"{postalCode: '28015',street: 'C/ San Bernardo 85',city: 'Madrid',country: 'Spain'}",{'phone': '+34 914 454 454'},enrique_munoz@yahoo.es,5,Johnson,357
50,Enrique,Muñoz,,"{postalCode: '28015',street: 'C/ San Bernardo 85',city: 'Madrid',country: 'Spain'}",{'phone': '+34 914 454 454'},enrique_munoz@yahoo.es,5,Johnson,380
50,Enrique,Muñoz,,"{postalCode: '28015',street: 'C/ San Bernardo 85',city: 'Madrid',country: 'Spain'}",{'phone': '+34 914 454 454'},enrique_munoz@yahoo.es,5,Johnson,402
51,Joakim,Johansson,,"{postalCode: '11230',street: 'Celsiusg. 9',city: 'Stockholm',country: 'Sweden'}",{'phone': '+46 08-651 52 52'},joakim.johansson@yahoo.se,5,Johnson,42
51,Joakim,Johansson,,"{postalCode: '11230',street: 'Celsiusg. 9',city: 'Stockholm',country: 'Sweden'}",{'phone': '+46 08-651 52 52'},joakim.johansson@yahoo.se,5,Johnson,65
51,Joakim,Johansson,,"{postalCode: '11230',street: 'Celsiusg. 9',city: 'Stockholm',country: 'Sweden'}",{'phone': '+46 08-651 52 52'},joakim.johansson@yahoo.se,5,Johnson,87
51,Joakim,Johansson,,"{postalCode: '11230',street: 'Celsiusg. 9',city: 'Stockholm',country: 'Sweden'}",{'phone': '+46 08-651 52 52'},joakim.johansson@yahoo.se,5,Johnson,139
51,Joakim,Johansson,,"{postalCode: '11230',street: 'Celsiusg. 9',city: 'Stockholm',country: 'Sweden'}",{'phone': '+46 08-651 52 52'},joakim.johansson@yahoo.se,5,Johnson,260
51,Joakim,Johansson,,"{postalCode: '11230',street: 'Celsiusg. 9',city: 'Stockholm',country: 'Sweden'}",{'phone': '+46 08-651 52 52'},joakim.johansson@yahoo.se,5,Johnson,271
51,Joakim,Johansson,,"{postalCode: '11230',street: 'Celsiusg. 9',city: 'Stockholm',country: 'Sweden'}",{'phone': '+46 08-651 52 52'},joakim.johansson@yahoo.se,5,Johnson,326
52,Emma,Jones,,"{postalCode: 'N1 5LH',street: '202 Hoxton Street',city: 'London',country: 'United Kingdom'}",{'phone': '+44 020 7707 0707'},emma_jones@hotmail.com,3,Peacock,11
52,Emma,Jones,,"{postalCode: 'N1 5LH',street: '202 Hoxton Street',city: 'London',country: 'United Kingdom'}",{'phone': '+44 020 7707 0707'},emma_jones@hotmail.com,3,Peacock,140
52,Emma,Jones,,"{postalCode: 'N1 5LH',street: '202 Hoxton Street',city: 'London',country: 'United Kingdom'}",{'phone': '+44 020 7707 0707'},emma_jones@hotmail.com,3,Peacock,163
52,Emma,Jones,,"{postalCode: 'N1 5LH',street: '202 Hoxton Street',city: 'London',country: 'United Kingdom'}",{'phone': '+44 020 7707 0707'},emma_jones@hotmail.com,3,Peacock,185
52,Emma,Jones,,"{postalCode: 'N1 5LH',street: '202 Hoxton Street',city: 'London',country: 'United Kingdom'}",{'phone': '+44 020 7707 0707'},emma_jones@hotmail.com,3,Peacock,237
52,Emma,Jones,,"{postalCode: 'N1 5LH',street: '202 Hoxton Street',city: 'London',country: 'United Kingdom'}",{'phone': '+44 020 7707 0707'},emma_jones@hotmail.com,3,Peacock,358
52,Emma,Jones,,"{postalCode: 'N1 5LH',street: '202 Hoxton Street',city: 'London',country: 'United Kingdom'}",{'phone': '+44 020 7707 0707'},emma_jones@hotmail.com,3,Peacock,369
53,Phil,Hughes,,"{postalCode: 'SW1V 3EN',street: '113 Lupus St',city: 'London',country: 'United Kingdom'}",{'phone': '+44 020 7976 5722'},phil.hughes@gmail.com,3,Peacock,43
53,Phil,Hughes,,"{postalCode: 'SW1V 3EN',street: '113 Lupus St',city: 'London',country: 'United Kingdom'}",{'phone': '+44 020 7976 5722'},phil.hughes@gmail.com,3,Peacock,54
53,Phil,Hughes,,"{postalCode: 'SW1V 3EN',street: '113 Lupus St',city: 'London',country: 'United Kingdom'}",{'phone': '+44 020 7976 5722'},phil.hughes@gmail.com,3,Peacock,109
53,Phil,Hughes,,"{postalCode: 'SW1V 3EN',street: '113 Lupus St',city: 'London',country: 'United Kingdom'}",{'phone': '+44 020 7976 5722'},phil.hughes@gmail.com,3,Peacock,238
53,Phil,Hughes,,"{postalCode: 'SW1V 3EN',street: '113 Lupus St',city: 'London',country: 'United Kingdom'}",{'phone': '+44 020 7976 5722'},phil.hughes@gmail.com,3,Peacock,261
53,Phil,Hughes,,"{postalCode: 'SW1V 3EN',street: '113 Lupus St',city: 'London',country: 'United Kingdom'}",{'phone': '+44 020 7976 5722'},phil.hughes@gmail.com,3,Peacock,283
53,Phil,Hughes,,"{postalCode: 'SW1V 3EN',street: '113 Lupus St',city: 'London',country: 'United Kingdom'}",{'phone': '+44 020 7976 5722'},phil.hughes@gmail.com,3,Peacock,335
54,Steve,Murray,,"{postalCode: 'EH4 1HH',street: '110 Raeburn Pl',city: 'Edinburgh ',country: 'United Kingdom'}",{'phone': '+44 0131 315 3300'},steve.murray@yahoo.uk,5,Johnson,20
54,Steve,Murray,,"{postalCode: 'EH4 1HH',street: '110 Raeburn Pl',city: 'Edinburgh ',country: 'United Kingdom'}",{'phone': '+44 0131 315 3300'},steve.murray@yahoo.uk,5,Johnson,141
54,Steve,Murray,,"{postalCode: 'EH4 1HH',street: '110 Raeburn Pl',city: 'Edinburgh ',country: 'United Kingdom'}",{'phone': '+44 0131 315 3300'},steve.murray@yahoo.uk,5,Johnson,152
54,Steve,Murray,,"{postalCode: 'EH4 1HH',street: '110 Raeburn Pl',city: 'Edinburgh ',country: 'United Kingdom'}",{'phone': '+44 0131 315 3300'},steve.murray@yahoo.uk,5,Johnson,207
54,Steve,Murray,,"{postalCode: 'EH4 1HH',street: '110 Raeburn Pl',city: 'Edinburgh ',country: 'United Kingdom'}",{'phone': '+44 0131 315 3300'},steve.murray@yahoo.uk,5,Johnson,336
54,Steve,Murray,,"{postalCode: 'EH4 1HH',street: '110 Raeburn Pl',city: 'Edinburgh ',country: 'United Kingdom'}",{'phone': '+44 0131 315 3300'},steve.murray@yahoo.uk,5,Johnson,359
54,Steve,Murray,,"{postalCode: 'EH4 1HH',street: '110 Raeburn Pl',city: 'Edinburgh ',country: 'United Kingdom'}",{'phone': '+44 0131 315 3300'},steve.murray@yahoo.uk,5,Johnson,381
55,Mark,Taylor,,"{state: 'NSW',postalCode: '2010',street: '421 Bourke Street',city: 'Sidney',country: 'Australia'}",{'phone': '+61 (02) 9332 3633'},mark.taylor@yahoo.au,4,Park,21
55,Mark,Taylor,,"{state: 'NSW',postalCode: '2010',street: '421 Bourke Street',city: 'Sidney',country: 'Australia'}",{'phone': '+61 (02) 9332 3633'},mark.taylor@yahoo.au,4,Park,44
55,Mark,Taylor,,"{state: 'NSW',postalCode: '2010',street: '421 Bourke Street',city: 'Sidney',country: 'Australia'}",{'phone': '+61 (02) 9332 3633'},mark.taylor@yahoo.au,4,Park,66
55,Mark,Taylor,,"{state: 'NSW',postalCode: '2010',street: '421 Bourke Street',city: 'Sidney',country: 'Australia'}",{'phone': '+61 (02) 9332 3633'},mark.taylor@yahoo.au,4,Park,118
55,Mark,Taylor,,"{state: 'NSW',postalCode: '2010',street: '421 Bourke Street',city: 'Sidney',country: 'Australia'}",{'phone': '+61 (02) 9332 3633'},mark.taylor@yahoo.au,4,Park,239
55,Mark,Taylor,,"{state: 'NSW',postalCode: '2010',street: '421 Bourke Street',city: 'Sidney',country: 'Australia'}",{'phone': '+61 (02) 9332 3633'},mark.taylor@yahoo.au,4,Park,250
55,Mark,Taylor,,"{state: 'NSW',postalCode: '2010',street: '421 Bourke Street',city: 'Sidney',country: 'Australia'}",{'phone': '+61 (02) 9332 3633'},mark.taylor@yahoo.au,4,Park,305
56,Diego,Gutiérrez,,"{postalCode: '1106',street: '307 Macacha Güemes',city: 'Buenos Aires',country: 'Argentina'}",{'phone': '+54 (0)11 4311 4333'},diego.gutierrez@yahoo.ar,4,Park,119
56,Diego,Gutiérrez,,"{postalCode: '1106',street: '307 Macacha Güemes',city: 'Buenos Aires',country: 'Argentina'}",{'phone': '+54 (0)11 4311 4333'},diego.gutierrez@yahoo.ar,4,Park,142
56,Diego,Gutiérrez,,"{postalCode: '1106',street: '307 Macacha Güemes',city: 'Buenos Aires',country: 'Argentina'}",{'phone': '+54 (0)11 4311 4333'},diego.gutierrez@yahoo.ar,4,Park,164
56,Diego,Gutiérrez,,"{postalCode: '1106',street: '307 Macacha Güemes',city: 'Buenos Aires',country: 'Argentina'}",{'phone': '+54 (0)11 4311 4333'},diego.gutierrez@yahoo.ar,4,Park,216
56,Diego,Gutiérrez,,"{postalCode: '1106',street: '307 Macacha Güemes',city: 'Buenos Aires',country: 'Argentina'}",{'phone': '+54 (0)11 4311 4333'},diego.gutierrez@yahoo.ar,4,Park,337
56,Diego,Gutiérrez,,"{postalCode: '1106',street: '307 Macacha Güemes',city: 'Buenos Aires',country: 'Argentina'}",{'phone': '+54 (0)11 4311 4333'},diego.gutierrez@yahoo.ar,4,Park,348
56,Diego,Gutiérrez,,"{postalCode: '1106',street: '307 Macacha Güemes',city: 'Buenos Aires',country: 'Argentina'}",{'phone': '+54 (0)11 4311 4333'},diego.gutierrez@yahoo.ar,4,Park,403
57,Luis,Rojas,,"{street: 'Calle Lira, 198',city: 'Santiago',country: 'Chile'}",{'phone': '+56 (0)2 635 4444'},luisrojas@yahoo.cl,5,Johnson,22
57,Luis,Rojas,,"{street: 'Calle Lira, 198',city: 'Santiago',country: 'Chile'}",{'phone': '+56 (0)2 635 4444'},luisrojas@yahoo.cl,5,Johnson,33
57,Luis,Rojas,,"{street: 'Calle Lira, 198',city: 'Santiago',country: 'Chile'}",{'phone': '+56 (0)2 635 4444'},luisrojas@yahoo.cl,5,Johnson,88
57,Luis,Rojas,,"{street: 'Calle Lira, 198',city: 'Santiago',country: 'Chile'}",{'phone': '+56 (0)2 635 4444'},luisrojas@yahoo.cl,5,Johnson,217
57,Luis,Rojas,,"{street: 'Calle Lira, 198',city: 'Santiago',country: 'Chile'}",{'phone': '+56 (0)2 635 4444'},luisrojas@yahoo.cl,5,Johnson,240
57,Luis,Rojas,,"{street: 'Calle Lira, 198',city: 'Santiago',country: 'Chile'}",{'phone': '+56 (0)2 635 4444'},luisrojas@yahoo.cl,5,Johnson,262
57,Luis,Rojas,,"{street: 'Calle Lira, 198',city: 'Santiago',country: 'Chile'}",{'phone': '+56 (0)2 635 4444'},luisrojas@yahoo.cl,5,Johnson,314
58,Manoj,Pareek,,"{postalCode: '110017',street: '12,Community Centre',city: 'Delhi',country: 'India'}",{'phone': '+91 0124 39883988'},manoj.pareek@rediff.com,3,Peacock,120
58,Manoj,Pareek,,"{postalCode: '110017',street: '12,Community Centre',city: 'Delhi',country: 'India'}",{'phone': '+91 0124 39883988'},manoj.pareek@rediff.com,3,Peacock,131
58,Manoj,Pareek,,"{postalCode: '110017',street: '12,Community Centre',city: 'Delhi',country: 'India'}",{'phone': '+91 0124 39883988'},manoj.pareek@rediff.com,3,Peacock,186
58,Manoj,Pareek,,"{postalCode: '110017',street: '12,Community Centre',city: 'Delhi',country: 'India'}",{'phone': '+91 0124 39883988'},manoj.pareek@rediff.com,3,Peacock,315
58,Manoj,Pareek,,"{postalCode: '110017',street: '12,Community Centre',city: 'Delhi',country: 'India'}",{'phone': '+91 0124 39883988'},manoj.pareek@rediff.com,3,Peacock,338
58,Manoj,Pareek,,"{postalCode: '110017',street: '12,Community Centre',city: 'Delhi',country: 'India'}",{'phone': '+91 0124 39883988'},manoj.pareek@rediff.com,3,Peacock,360
58,Manoj,Pareek,,"{postalCode: '110017',street: '12,Community Centre',city: 'Delhi',country: 'India'}",{'phone': '+91 0124 39883988'},manoj.pareek@rediff.com,3,Peacock,412
59,Puja,Srivastava,,"{postalCode: '560001',street: '3,Raj Bhavan Road',city: 'Bangalore',country: 'India'}",{'phone': '+91 080 22289999'},puja_srivastava@yahoo.in,3,Peacock,23
59,Puja,Srivastava,,"{postalCode: '560001',street: '3,Raj Bhavan Road',city: 'Bangalore',country: 'India'}",{'phone': '+91 080 22289999'},puja_srivastava@yahoo.in,3,Peacock,45
59,Puja,Srivastava,,"{postalCode: '560001',street: '3,Raj Bhavan Road',city: 'Bangalore',country: 'India'}",{'phone': '+91 080 22289999'},puja_srivastava@yahoo.in,3,Peacock,97
59,Puja,Srivastava,,"{postalCode: '560001',street: '3,Raj Bhavan Road',city: 'Bangalore',country: 'India'}",{'phone': '+91 080 22289999'},puja_srivastava@yahoo.in,3,Peacock,218
59,Puja,Srivastava,,"{postalCode: '560001',street: '3,Raj Bhavan Road',city: 'Bangalore',country: 'India'}",{'phone': '+91 080 22289999'},puja_srivastava@yahoo.in,3,Peacock,229
59,Puja,Srivastava,,"{postalCode: '560001',street: '3,Raj Bhavan Road',city: 'Bangalore',country: 'India'}",{'phone': '+91 080 22289999'},puja_srivastava@yahoo.in,3,Peacock,284
